date,year,quarter,bank,total_assets,total_equity,total_liabilities,cet1_ratio,lcr_ratio,slr_ratio,roa,dividend_payout_ratio,repo,total_var
2025-12-31,2025,4,bankofamerica,3411738.0,303243.0,3108495.0,12.8,112.0,6.8,0.91,28.5,344716.0,
2025-12-31,2025,4,bny,472300.0,44313.0,427579.0,13.0,112.0,6.7,1.26,26.42,18992.0,
2025-12-31,2025,4,citigroup,2657202.0,212291.0,2443380.0,11.93,115.0,5.48,0.58,50.56,328196.0,
2025-12-31,2025,4,goldmansachs,1809320.0,124972.0,1684348.0,15.1,123.0,6.6,0.99,28.26,223384.0,
2025-12-31,2025,4,jpmorgan,4424900.0,362438.0,4062462.0,14.1,111.0,6.4,1.35,32.24,433360.0,
2025-12-31,2025,4,morganstanley,1420270.0,111632.0,1307618.0,15.0,134.0,5.4,1.29,37.29,78539.0,
2025-12-31,2025,4,statestreet,366047.0,27841.0,338206.0,13.0,,6.0,0.82,34.16,841.0,
2025-12-31,2025,4,wellsfargo,2148631.0,181117.0,1965593.0,10.61,119.0,6.23,1.05,27.94,232687.0,
2025-09-30,2025,3,bankofamerica,3403716.0,304152.0,3099564.0,13.1,113.0,6.8,0.88,25.86,342588.0,71.0
2025-09-30,2025,3,bny,455312.0,43879.0,411062.0,12.2,112.0,6.7,1.19,28.45,16585.0,1.6
2025-09-30,2025,3,citigroup,2642475.0,213023.0,2428598.0,11.74,115.0,5.52,0.58,32.51,327517.0,128.0
2025-09-30,2025,3,goldmansachs,1807982.0,124402.0,1683580.0,15.1,128.0,5.2,0.94,32.44,217797.0,128.70303659181596
2025-09-30,2025,3,jpmorgan,4560205.0,360212.0,4199993.0,14.9,110.0,5.8,1.32,29.44,553204.0,46.67252975307612
2025-09-30,2025,3,morganstanley,1364806.0,109962.0,1253755.0,15.1,129.0,6.8,1.24,35.78,61504.0,83.4448259221664
2025-09-30,2025,3,statestreet,371070.0,27642.0,343428.0,13.1,1.06,6.0,0.84,29.55,206.0,9.392
2025-09-30,2025,3,wellsfargo,2062926.0,181154.0,1879914.0,10.99,121.0,6.42,1.06,27.34,194240.0,33.0
2025-06-30,2025,2,bankofamerica,3441142.0,299599.0,3141543.0,13.0,114.0,6.7,0.83,28.72,399460.0,89.0
2025-06-30,2025,2,bny,485781.0,43950.0,441353.0,11.9,112.0,6.9,1.09,24.87,15492.0,2.6
2025-06-30,2025,2,citigroup,2622772.0,213222.0,2408642.0,11.9,115.0,5.53,0.57,28.86,330203.0,130.0
2025-06-30,2025,2,goldmansachs,1785009.0,124096.0,1660913.0,15.3,128.0,5.3,0.91,27.56,230217.0,138.6032701758018
2025-06-30,2025,2,jpmorgan,4552482.0,356924.0,4195558.0,15.2,113.0,5.9,1.3,26.64,588038.0,59.40140150391506
2025-06-30,2025,2,morganstanley,1353870.0,108184.0,1244600.0,15.0,134.0,6.8,1.16,43.57,69537.0,70.71595417132745
2025-06-30,2025,2,statestreet,376717.0,27307.0,349410.0,12.5,1.07,5.8,0.81,34.44,2377.0,6.697
2025-06-30,2025,2,wellsfargo,1981269.0,181111.0,1798315.0,11.13,121.0,6.67,1.06,25.14,154011.0,30.0
2025-03-31,2025,1,bankofamerica,3349424.0,295581.0,3053843.0,13.3,112.0,6.8,0.84,28.5,376070.0,99.0
2025-03-31,2025,1,bny,440691.0,43119.0,397162.0,12.0,116.0,6.9,1.08,29.85,15663.0,1.7
2025-03-31,2025,1,citigroup,2571514.0,212408.0,2358256.0,11.93,117.0,5.0,0.54,28.57,386238.0,129.0
2025-03-31,2025,1,goldmansachs,1766181.0,124300.0,1641881.0,15.5,130.0,6.8,0.86,21.3,248997.0,128.70303659181596
2025-03-31,2025,1,jpmorgan,4357856.0,351420.0,4006436.0,15.6,113.0,6.0,1.41,27.51,525932.0,70.71595417132745
2025-03-31,2025,1,morganstanley,1300296.0,106812.0,1192449.0,15.7,130.0,5.6,1.14,35.89,69272.0,70.71595417132745
2025-03-31,2025,1,statestreet,372693.0,26692.0,346001.0,12.6,1.06,6.0,0.81,36.85,3524.0,9.709
2025-03-31,2025,1,wellsfargo,1950311.0,181090.0,1767405.0,11.09,125.0,6.79,1.03,29.09,124825.0,25.0
2024-12-31,2024,4,bankofamerica,3261519.0,295559.0,2965960.0,13.5,113.0,6.9,0.84,32.12,331758.0,74.0
2024-12-31,2024,4,bny,416064.0,41318.0,374387.0,11.7,115.0,6.5,1.1,30.88,14064.0,1.7
2024-12-31,2024,4,citigroup,2352945.0,208598.0,2143579.0,12.14,116.0,5.85,0.54,41.94,239767.0,125.0
2024-12-31,2024,4,goldmansachs,1675972.0,121996.0,1553976.0,15.3,126.0,6.8,0.86,24.6,274380.0,135.7746320089487
2024-12-31,2024,4,jpmorgan,4002814.0,344758.0,3658056.0,15.8,113.0,6.1,1.48,25.94,292067.0,56.57276333706197
2024-12-31,2024,4,morganstanley,1215071.0,104511.0,1109643.0,15.9,130.0,5.6,1.12,41.69,50067.0,65.05867783762126
2024-12-31,2024,4,statestreet,353240.0,25326.0,327914.0,12.0,1.07,5.7,0.83,30.22,3681.0,11.483
2024-12-31,2024,4,wellsfargo,1929845.0,179120.0,1748779.0,11.07,125.0,6.74,1.03,28.16,13571.0,24.0
2024-09-30,2024,3,bankofamerica,3324293.0,296512.0,3027781.0,13.5,115.0,6.9,0.72,31.68,397958.0,81.0
2024-09-30,2024,3,bny,427461.0,41992.0,385178.0,12.0,116.0,7.0,0.86,31.8,14574.0,2.0
2024-09-30,2024,3,citigroup,2430663.0,209083.0,2220761.0,12.16,117.0,5.0,0.34,37.47,263298.0,119.0
2024-09-30,2024,3,goldmansachs,1728080.0,121200.0,1606880.0,15.5,133.0,5.5,0.74,35.18,261617.0,130.11735567524252
2024-09-30,2024,3,jpmorgan,4210048.0,345836.0,3864212.0,15.5,114.0,6.0,1.33,28.48,384815.0,63.64435875419471
2024-09-30,2024,3,morganstanley,1258027.0,103647.0,1153356.0,14.9,134.0,5.5,0.93,49.27,58329.0,65.05867783762126
2024-09-30,2024,3,statestreet,338481.0,25828.0,312653.0,12.5,1.07,5.95,0.68,32.84,2119.0,14.117
2024-09-30,2024,3,wellsfargo,1922125.0,183265.0,1737114.0,11.34,127.0,6.92,0.95,28.52,97544.0,24.0
2024-06-30,2024,2,bankofamerica,3257996.0,293892.0,2964104.0,13.5,113.0,6.0,0.76,28.67,368106.0,96.0
2024-06-30,2024,2,bny,428539.0,40843.0,387510.0,11.5,115.0,6.8,0.8,28.17,15701.0,1.8
2024-06-30,2024,2,citigroup,2405686.0,208310.0,2196542.0,12.16,117.0,5.89,0.35,34.79,291878.0,124.0
2024-06-30,2024,2,goldmansachs,1653313.0,119463.0,1533850.0,15.9,126.0,5.4,0.7,32.13,238139.0,128.70303659181596
2024-06-30,2024,2,jpmorgan,4143003.0,340552.0,3802451.0,15.5,112.0,6.1,1.35,18.75,397320.0,79.20186867188676
2024-06-30,2024,2,morganstanley,1212447.0,100714.0,1110841.0,15.2,131.0,6.8,0.89,46.8,65677.0,67.88731600447436
2024-06-30,2024,2,statestreet,325603.0,24762.0,300841.0,12.0,1.06,5.8,0.58,31.6,2716.0,18.667
2024-06-30,2024,2,wellsfargo,1940073.0,176430.0,1761925.0,12.28,124.0,6.67,0.98,26.47,105833.0,29.0
2024-03-31,2024,1,bankofamerica,3273803.0,293552.0,2980251.0,13.4,113.0,7.1,0.77,31.1,329658.0,85.0
2024-03-31,2024,1,bny,434728.0,40569.0,394048.0,11.1,117.0,7.0,0.78,34.0,15112.0,1.8
2024-03-31,2024,1,citigroup,2432510.0,206585.0,2225112.0,11.95,117.0,5.84,0.33,33.79,288746.0,165.0
2024-03-31,2024,1,goldmansachs,1698440.0,118546.0,1579894.0,15.9,127.0,5.4,0.58,23.63,267479.0,123.04576025810977
2024-03-31,2024,1,jpmorgan,4090727.0,336637.0,3754090.0,15.3,112.0,6.1,1.29,25.87,322939.0,67.88731600447436
2024-03-31,2024,1,morganstanley,1228503.0,99198.0,1128363.0,15.0,125.0,5.4,0.8,42.56,82404.0,76.37323050503365
2024-03-31,2024,1,statestreet,338003.0,24433.0,313570.0,11.7,1.07,5.95,0.59,49.76,3576.0,12.186
2024-03-31,2024,1,wellsfargo,1959153.0,180943.0,1776479.0,12.43,126.0,6.85,0.98,29.65,22528.0,40.0
2023-12-31,2023,4,bankofamerica,3180151.0,291646.0,2888505.0,13.4,115.0,7.1,0.84,72.87,283887.0,86.0
2023-12-31,2023,4,bny,409877.0,40770.0,369057.0,11.5,117.0,7.3,0.81,202.47,14507.0,2.2
2023-12-31,2023,4,citigroup,2411834.0,205453.0,2205583.0,12.11,116.0,5.82,0.39,,264958.0,153.0
2023-12-31,2023,4,goldmansachs,1641594.0,116905.0,1524689.0,14.9,128.0,5.5,0.55,49.38,249887.0,128.70303659181596
2023-12-31,2023,4,jpmorgan,3875393.0,327878.0,3547515.0,15.0,113.0,6.1,1.31,34.54,213591.0,49.501167919929216
2023-12-31,2023,4,morganstanley,1193693.0,99038.0,1093711.0,15.5,129.0,5.5,0.78,100.65,62651.0,65.05867783762126
2023-12-31,2023,4,statestreet,297258.0,23799.0,273459.0,12.1,1.06,5.85,0.65,121.51,2867.0,15.157
2023-12-31,2023,4,wellsfargo,1932468.0,185735.0,1745025.0,11.43,125.0,7.09,1.0,40.79,77676.0,32.0
2023-09-30,2023,3,bankofamerica,3153090.0,287064.0,2866026.0,13.5,116.0,7.3,0.98,26.38,300703.0,77.0
2023-09-30,2023,3,bny,405248.0,40966.0,364226.0,11.4,121.0,6.1,0.87,34.76,14771.0,2.1
2023-09-30,2023,3,citigroup,2368477.0,209503.0,2158282.0,12.49,117.0,6.04,0.58,32.87,242611.0,132.0
2023-09-30,2023,3,goldmansachs,1577153.0,117277.0,1459876.0,14.8,125.0,5.6,0.5,49.79,225679.0,123.04576025810977
2023-09-30,2023,3,jpmorgan,3898333.0,317371.0,3580962.0,14.5,112.0,6.0,1.34,24.28,262094.0,57.98708242048851
2023-09-30,2023,3,morganstanley,1169013.0,99211.0,1068855.0,16.1,127.0,5.5,0.85,62.07,76661.0,67.88731600447436
2023-09-30,2023,3,statestreet,284415.0,23621.0,260794.0,12.2,1.09,6.05,0.84,53.52,3097.0,11.964
2023-09-30,2023,3,wellsfargo,1909261.0,180715.0,1726888.0,12.04,123.0,6.93,0.97,23.76,80889.0,34.0
2023-06-30,2023,2,bankofamerica,3123198.0,283319.0,2839879.0,13.2,119.0,6.0,0.96,24.88,288627.0,81.0
2023-06-30,2023,2,bny,430382.0,40933.0,389384.0,11.1,120.0,5.7,0.67,28.67,21285.0,3.0
2023-06-30,2023,2,citigroup,2423675.0,208719.0,2214253.0,12.5,119.0,5.97,0.57,38.69,247294.0,148.0
2023-06-30,2023,2,goldmansachs,1571386.0,116493.0,1454893.0,14.4,126.0,5.6,0.56,80.67,222983.0,165.47533276090624
2023-06-30,2023,2,jpmorgan,3868240.0,312516.0,3555724.0,13.92,112.0,7.0,1.24,21.04,262782.0,66.47299692104781
2023-06-30,2023,2,morganstanley,1164911.0,100386.0,1063550.0,15.8,132.0,5.5,0.87,63.06,56363.0,73.54459233818055
2023-06-30,2023,2,statestreet,294561.0,24204.0,270357.0,12.7,1.08,6.1,0.92,27.96,4294.0,9.775
2023-06-30,2023,2,wellsfargo,1876320.0,180191.0,1694368.0,10.73,123.0,6.91,0.87,24.32,67602.0,35.0
2023-03-31,2023,1,bankofamerica,3194657.0,280196.0,2914461.0,12.9,117.0,7.1,0.89,23.17,314380.0,124.0
2023-03-31,2023,1,bny,425112.0,40634.0,384406.0,11.0,118.0,6.9,0.61,33.37,26540.0,4.0
2023-03-31,2023,1,citigroup,2455113.0,208295.0,2246094.0,12.28,120.0,5.96,0.64,23.28,242345.0,161.0
2023-03-31,2023,1,goldmansachs,1538349.0,117509.0,1420840.0,14.5,125.0,5.8,0.67,28.12,197387.0,142.84622742608147
2023-03-31,2023,1,jpmorgan,3744305.0,303082.0,3441223.0,13.9,114.0,5.9,1.09,24.3,242395.0,66.47299692104781
2023-03-31,2023,1,morganstanley,1199904.0,100826.0,1097950.0,15.1,135.0,6.7,0.87,46.02,60491.0,77.7875495884602
2023-03-31,2023,1,statestreet,290816.0,24750.0,266066.0,13.0,1.08,6.4,0.89,40.38,3695.0,9.517
2023-03-31,2023,1,wellsfargo,1886400.0,181168.0,1703180.0,12.03,122.0,6.96,0.75,24.66,62235.0,39.0
2022-12-31,2022,4,bankofamerica,3051375.0,273197.0,2778178.0,12.8,120.0,7.0,0.89,25.71,195635.0,68.0
2022-12-31,2022,4,bny,405783.0,40734.0,365042.0,11.33,118.0,5.8,0.6,61.99,12335.0,4.5
2022-12-31,2022,4,citigroup,2416676.0,201189.0,2214838.0,12.19,118.0,5.82,0.64,44.52,183827.0,184.0
2022-12-31,2022,4,goldmansachs,1441799.0,117189.0,1324610.0,14.4,129.0,5.8,0.78,74.26,110349.0,144.260546509508
2022-12-31,2022,4,jpmorgan,3665743.0,292332.0,3373411.0,13.6,112.0,5.6,1.02,28.05,200066.0,86.2734640890195
2022-12-31,2022,4,morganstanley,1180231.0,100141.0,1079000.0,15.3,132.0,6.7,0.94,61.81,62534.0,90.51642133929914
2022-12-31,2022,4,statestreet,301450.0,25191.0,276259.0,13.8,1.06,6.5,0.9,31.61,1177.0,7.816
2022-12-31,2022,4,wellsfargo,1881020.0,180227.0,1698807.0,10.6,122.0,6.86,0.7,40.11,30623.0,43.0
2022-09-30,2022,3,bankofamerica,3072953.0,269524.0,2803429.0,11.0,123.0,6.8,0.89,27.06,215627.0,51.0
2022-09-30,2022,3,bny,427953.0,39737.0,388209.0,10.0,116.0,5.4,0.64,94.98,11339.0,4.5
2022-09-30,2022,3,citigroup,2381064.0,198560.0,2181947.0,11.79,117.0,5.71,0.67,31.48,186055.0,159.0
2022-09-30,2022,3,goldmansachs,1555994.0,119290.0,1436704.0,14.6,124.0,5.6,0.92,30.15,159690.0,181.03284267859829
2022-09-30,2022,3,jpmorgan,3773884.0,288018.0,3485866.0,13.0,113.0,5.3,0.98,32.13,234336.0,76.37323050503365
2022-09-30,2022,3,morganstanley,1160029.0,101011.0,1057940.0,14.8,136.0,5.4,1.07,53.29,60133.0,86.2734640890195
2022-09-30,2022,3,statestreet,303568.0,25648.0,277920.0,14.0,1.06,6.75,0.87,34.68,4250.0,7.359
2022-09-30,2022,3,wellsfargo,1877745.0,176189.0,1699336.0,10.33,123.0,6.65,0.91,34.8,25396.0,37.0
2022-06-30,2022,2,bankofamerica,3111606.0,269118.0,2842488.0,12.2,118.0,6.5,0.91,28.69,204307.0,84.0
2022-06-30,2022,2,bny,452621.0,40984.0,411630.0,10.1,111.0,5.2,0.75,33.41,11434.0,6.9
2022-06-30,2022,2,citigroup,2380904.0,199014.0,2181278.0,11.72,115.0,5.63,0.72,22.47,177977.0,135.0
2022-06-30,2022,2,goldmansachs,1601224.0,117871.0,1483353.0,14.3,125.0,5.6,1.08,25.81,172894.0,175.3755663448921
2022-06-30,2022,2,jpmorgan,3841314.0,286143.0,3555171.0,12.9,110.0,5.3,1.04,36.25,219576.0,76.37323050503365
2022-06-30,2022,2,morganstanley,1173776.0,101596.0,1071114.0,15.2,128.0,6.6,1.17,51.07,66179.0,65.05867783762126
2022-06-30,2022,2,statestreet,300223.0,25767.0,274456.0,13.5,1.06,6.3,0.88,29.49,951.0,8.164
2022-06-30,2022,2,wellsfargo,1881142.0,177532.0,1701349.0,11.6,121.0,6.63,1.01,33.57,23887.0,32.0
2022-03-31,2022,1,bankofamerica,3238223.0,266617.0,2971606.0,12.0,116.0,6.3,1.0,25.85,214685.0,91.0
2022-03-31,2022,1,bny,473811.0,41799.0,431814.0,10.1,109.0,5.3,0.77,39.77,13181.0,4.9
2022-03-31,2022,1,citigroup,2394105.0,197709.0,2195752.0,11.41,116.0,5.58,0.78,25.32,182941.0,137.0
2022-03-31,2022,1,goldmansachs,1589441.0,115239.0,1474202.0,14.6,126.0,5.6,1.3,18.56,164569.0,138.6032701758018
2022-03-31,2022,1,jpmorgan,3954687.0,285899.0,3668788.0,12.7,110.0,5.2,1.11,37.93,218271.0,89.1021022558726
2022-03-31,2022,1,morganstanley,1222233.0,102901.0,1118158.0,14.5,130.0,6.8,1.23,35.35,60068.0,55.158444253635416
2022-03-31,2022,1,statestreet,322350.0,26224.0,296126.0,13.1,1.06,6.3,0.87,35.85,4277.0,11.328
2022-03-31,2022,1,wellsfargo,1939709.0,179243.0,1758020.0,11.82,119.0,6.61,1.18,27.79,19969.0,27.0
2021-12-31,2021,4,bankofamerica,3169495.0,270066.0,2899429.0,12.3,115.0,6.4,1.07,25.34,192329.0,74.0
2021-12-31,2021,4,bny,444438.0,43034.0,401047.0,11.2,109.0,5.5,0.83,34.06,11566.0,3.5
2021-12-31,2021,4,citigroup,2291413.0,201972.0,2088741.0,12.35,115.0,5.73,0.97,34.88,174255.0,128.0
2021-12-31,2021,4,goldmansachs,1463988.0,109926.0,1354062.0,14.9,122.0,5.6,1.65,18.33,165883.0,117.38848392440356
2021-12-31,2021,4,jpmorgan,3743567.0,294127.0,3449440.0,13.8,111.0,5.4,1.36,30.03,191575.0,52.32980608678232
2021-12-31,2021,4,morganstanley,1188140.0,105441.0,1081542.0,16.0,134.0,7.0,1.31,0.0,62188.0,56.57276333706197
2021-12-31,2021,4,statestreet,314624.0,27363.0,287261.0,14.3,1.05,6.75,0.86,31.57,1575.0,15.468
2021-12-31,2021,4,wellsfargo,1948068.0,187606.0,1757958.0,11.35,118.0,6.89,1.22,12.75,21191.0,23.0
2021-09-30,2021,3,bankofamerica,3085446.0,272464.0,2812982.0,12.6,117.0,6.6,1.05,24.09,207428.0,66.0
2021-09-30,2021,3,bny,470533.0,43601.0,426481.0,11.7,111.0,5.7,0.81,33.6,11973.0,3.4
2021-09-30,2021,3,citigroup,2361876.0,200875.0,2160266.0,11.83,115.0,5.8,1.01,23.89,188998.0,139.0
2021-09-30,2021,3,goldmansachs,1443230.0,106297.0,1336933.0,14.1,127.0,5.6,1.72,13.25,167339.0,113.14552667412391
2021-09-30,2021,3,jpmorgan,3757576.0,290041.0,3467535.0,13.6,112.0,5.5,1.43,26.65,248391.0,50.91548700335576
2021-09-30,2021,3,morganstanley,1190476.0,105903.0,1083357.0,17.2,134.0,5.7,1.38,35.6,61987.0,63.64435875419471
2021-09-30,2021,3,statestreet,323139.0,27314.0,295825.0,13.8,1.05,6.9,0.85,30.16,637.0,17.503
2021-09-30,2021,3,wellsfargo,1954901.0,189028.0,1763830.0,12.43,119.0,6.94,1.04,17.15,29445.0,33.0
2021-06-30,2021,2,bankofamerica,3029894.0,277119.0,2752775.0,11.5,117.0,6.9,0.96,17.26,213787.0,84.0
2021-06-30,2021,2,bny,466963.0,45281.0,421169.0,12.6,110.0,6.0,0.8,27.47,12425.0,3.0
2021-06-30,2021,2,citigroup,2327868.0,202159.0,2124958.0,11.99,113.0,5.84,0.95,18.03,198353.0,134.0
2021-06-30,2021,2,goldmansachs,1387922.0,101890.0,1286032.0,13.4,138.0,5.5,1.6,8.25,151692.0,127.28871750838942
2021-06-30,2021,2,jpmorgan,3684256.0,286386.0,3397870.0,13.8,111.0,5.4,1.39,23.69,239751.0,60.81572058734161
2021-06-30,2021,2,morganstanley,1161805.0,106870.0,1053643.0,17.7,126.0,5.9,1.3,19.1,57645.0,67.88731600447436
2021-06-30,2021,2,statestreet,326528.0,25167.0,301361.0,11.2,1.04,5.95,0.78,24.59,658.0,16.594
2021-06-30,2021,2,wellsfargo,1945996.0,191262.0,1752869.0,12.73,123.0,7.09,0.93,7.24,33708.0,43.0
2021-03-31,2021,1,bankofamerica,2969992.0,274000.0,2695992.0,11.8,117.0,7.2,0.78,20.67,199443.0,99.0
2021-03-31,2021,1,bny,464984.0,44954.0,419581.0,12.6,110.0,5.8,0.77,32.44,15150.0,3.2
2021-03-31,2021,1,citigroup,2314266.0,202549.0,2110993.0,11.78,115.0,6.96,0.73,14.16,198029.0,123.0
2021-03-31,2021,1,goldmansachs,1301548.0,97664.0,1203884.0,13.5,138.0,6.5,1.26,6.68,130607.0,125.87439842496288
2021-03-31,2021,1,jpmorgan,3689336.0,280714.0,3408622.0,13.7,110.0,6.7,1.19,19.93,295623.0,149.9178228432142
2021-03-31,2021,1,morganstanley,1158772.0,106259.0,1051184.0,17.4,125.0,7.5,1.29,15.95,54624.0,97.58801675643188
2021-03-31,2021,1,statestreet,316885.0,25005.0,291880.0,11.9,1.07,6.3,0.68,37.22,587.0,15.187
2021-03-31,2021,1,wellsfargo,1959543.0,187218.0,1771195.0,12.6,127.0,7.91,0.4,9.87,46871.0,98.0
2020-12-31,2020,4,bankofamerica,2819627.0,272924.0,2546703.0,12.9,122.0,7.4,0.68,30.09,170323.0,74.0
2020-12-31,2020,4,bny,469633.0,45801.0,423513.0,13.1,,6.3,0.85,39.66,11305.0,3.5
2020-12-31,2020,4,citigroup,2260090.0,199442.0,2059890.0,11.73,118.0,7.0,0.53,26.74,181194.0,126.0
2020-12-31,2020,4,goldmansachs,1163028.0,95932.0,1067096.0,13.4,128.0,7.0,0.88,10.27,126571.0,118.80280300783012
2020-12-31,2020,4,jpmorgan,3384757.0,279354.0,3105403.0,13.8,110.0,6.9,0.96,23.76,210323.0,135.7746320089487
2020-12-31,2020,4,morganstanley,1115862.0,101781.0,1012713.0,16.4,129.0,4.0,1.11,19.38,50587.0,77.7875495884602
2020-12-31,2020,4,statestreet,314706.0,26200.0,288506.0,13.1,1.08,6.4,0.86,36.95,3413.0,16.61
2020-12-31,2020,4,wellsfargo,1952911.0,184680.0,1767199.0,11.94,133.0,8.05,0.19,15.07,46362.0,151.0
2020-09-30,2020,3,bankofamerica,2738452.0,268850.0,2469602.0,11.9,122.0,7.4,0.75,35.38,190769.0,71.0
2020-09-30,2020,3,bny,428398.0,44917.0,383051.0,13.0,111.0,6.5,1.08,31.85,15907.0,3.4
2020-09-30,2020,3,citigroup,2234459.0,193876.0,2039864.0,11.75,118.0,6.83,0.55,37.67,194534.0,130.0
2020-09-30,2020,3,goldmansachs,1132059.0,92650.0,1039409.0,12.9,130.0,6.8,0.64,13.86,101279.0,128.70303659181596
2020-09-30,2020,3,jpmorgan,3246076.0,271113.0,2974963.0,13.8,114.0,7.0,0.85,30.84,230364.0,127.28871750838942
2020-09-30,2020,3,morganstanley,955940.0,88394.0,866122.0,17.4,136.0,7.4,1.08,21.22,41376.0,82.03050683873985
2020-09-30,2020,3,statestreet,272075.0,25558.0,246517.0,12.8,1.09,,0.95,35.59,2430.0,14.718
2020-09-30,2020,3,wellsfargo,1922220.0,181173.0,1740188.0,11.51,134.0,8.05,0.18,14.24,44055.0,153.0
2020-06-30,2020,2,bankofamerica,2741688.0,265637.0,2476051.0,11.6,121.0,7.4,0.79,47.87,179024.0,89.0
2020-06-30,2020,2,bny,442316.0,43697.0,398350.0,12.6,112.0,6.2,1.07,30.85,14512.0,4.7
2020-06-30,2020,2,citigroup,2232715.0,191622.0,2040413.0,11.59,117.0,6.66,0.64,135.06,203819.0,245.0
2020-06-30,2020,2,goldmansachs,1141523.0,90029.0,1051494.0,11.9,144.0,6.6,0.52,228.43,88282.0,172.546928178039
2020-06-30,2020,2,jpmorgan,3213115.0,264466.0,2948649.0,13.2,117.0,6.8,0.85,65.18,231401.0,183.86148084545135
2020-06-30,2020,2,morganstanley,975363.0,86645.0,887354.0,16.1,147.0,7.3,1.02,18.05,50848.0,84.85914500559295
2020-06-30,2020,2,statestreet,280242.0,24873.0,255369.0,12.7,1.09,,0.95,27.64,3513.0,11.255
2020-06-30,2020,2,wellsfargo,1968766.0,179386.0,1788644.0,11.13,129.0,7.95,0.25,,49659.0,155.0
2020-03-31,2020,1,bankofamerica,2619954.0,264918.0,2355036.0,11.1,115.0,7.9,0.97,44.59,170043.0,99.0
2020-03-31,2020,1,bny,468155.0,41145.0,426776.0,11.4,115.0,6.0,1.1,29.97,13128.0,6.4
2020-03-31,2020,1,citigroup,2219770.0,192331.0,2026788.0,11.17,115.0,6.0,0.83,48.22,213525.0,119.0
2020-03-31,2020,1,goldmansachs,1089756.0,92379.0,997377.0,12.3,131.0,5.9,0.74,39.98,95864.0,114.55984575755048
2020-03-31,2020,1,jpmorgan,3139431.0,261262.0,2878169.0,12.3,114.0,6.0,1.02,114.32,226530.0,83.4448259221664
2020-03-31,2020,1,morganstanley,947795.0,85860.0,860567.0,15.2,127.0,6.2,0.94,35.28,45816.0,56.57276333706197
2020-03-31,2020,1,statestreet,362527.0,23861.0,338666.0,11.1,1.09,5.4,0.8,31.55,5373.0,9.528
2020-03-31,2020,1,wellsfargo,1981349.0,182718.0,1798019.0,11.41,121.0,8.03,0.76,4990.48,79036.0,33.0
2019-12-31,2019,4,bankofamerica,2434079.0,264810.0,2169269.0,11.5,116.0,7.9,1.15,23.87,165109.0,86.0
2019-12-31,2019,4,bny,381508.0,41483.0,339780.0,11.5,120.0,6.6,1.2,20.65,11401.0,5.7
2019-12-31,2019,4,citigroup,1951158.0,193242.0,1757212.0,12.13,115.0,5.0,1.01,23.73,155164.0,67.0
2019-12-31,2019,4,goldmansachs,992968.0,90265.0,902703.0,13.7,127.0,6.2,0.88,26.28,117756.0,82.03050683873985
2019-12-31,2019,4,jpmorgan,2687379.0,261330.0,2426049.0,13.4,116.0,6.3,1.37,34.74,177692.0,52.32980608678232
2019-12-31,2019,4,morganstanley,895429.0,81549.0,812732.0,16.9,134.0,8.3,1.06,27.19,54200.0,55.158444253635416
2019-12-31,2019,4,statestreet,245610.0,24431.0,221179.0,11.7,1.1,6.1,0.91,38.01,1102.0,10.104
2019-12-31,2019,4,wellsfargo,1927555.0,187146.0,1739571.0,11.28,120.0,8.31,1.05,84.25,92403.0,31.0
2019-09-30,2019,3,bankofamerica,2426330.0,268387.0,2157943.0,11.7,,8.2,1.16,31.47,202067.0,81.0
2019-09-30,2019,3,bny,373168.0,41120.0,331698.0,11.1,117.0,6.5,1.07,29.43,11796.0,6.1
2019-09-30,2019,3,citigroup,2014802.0,196373.0,1817732.0,12.1,113.0,5.0,0.95,25.46,180875.0,66.0
2019-09-30,2019,3,goldmansachs,1007320.0,92012.0,915308.0,13.4,134.0,6.2,0.88,25.99,109438.0,82.03050683873985
2019-09-30,2019,3,jpmorgan,2764661.0,264348.0,2500313.0,13.1,115.0,6.3,1.3,33.26,238027.0,55.158444253635416
2019-09-30,2019,3,morganstanley,902604.0,82382.0,819054.0,16.6,140.0,8.2,0.96,28.01,59462.0,59.40140150391506
2019-09-30,2019,3,statestreet,244606.0,25209.0,219397.0,12.2,1.1,6.6,0.87,35.8,1330.0,10.438
2019-09-30,2019,3,wellsfargo,1943950.0,193304.0,1749534.0,11.88,119.0,8.68,1.22,55.24,110399.0,24.0
2019-06-30,2019,2,bankofamerica,2395892.0,271408.0,2124484.0,12.0,,8.4,1.24,19.97,194948.0,96.0
2019-06-30,2019,2,bny,381168.0,41533.0,339333.0,11.1,117.0,6.8,1.05,27.98,11757.0,5.3
2019-06-30,2019,2,citigroup,1988226.0,197359.0,1790116.0,12.45,115.0,6.38,0.94,23.47,168861.0,69.0
2019-06-30,2019,2,goldmansachs,944903.0,90892.0,854011.0,13.5,133.0,6.4,0.97,14.51,70879.0,73.54459233818055
2019-06-30,2019,2,jpmorgan,2727379.0,263215.0,2464164.0,13.1,113.0,6.4,1.29,28.2,193884.0,65.05867783762126
2019-06-30,2019,2,morganstanley,891959.0,81724.0,809114.0,16.7,154.0,8.4,0.95,24.82,62294.0,59.40140150391506
2019-06-30,2019,2,statestreet,241540.0,25454.0,216086.0,12.3,1.11,6.7,0.92,32.59,1829.0,10.937
2019-06-30,2019,2,wellsfargo,1923388.0,199042.0,1723351.0,12.61,121.0,9.12,1.3,34.46,102560.0,20.0
2019-03-31,2019,1,bankofamerica,2377164.0,267010.0,2110154.0,11.9,,8.4,1.21,21.2,188451.0,85.0
2019-03-31,2019,1,bny,346132.0,41225.0,304663.0,11.1,118.0,6.8,1.1,29.83,11761.0,6.2
2019-03-31,2019,1,citigroup,1958413.0,196252.0,1761398.0,12.51,119.0,6.44,0.93,24.48,172231.0,81.0
2019-03-31,2019,1,goldmansachs,925349.0,90273.0,835076.0,13.4,134.0,6.4,0.99,14.02,70569.0,77.7875495884602
2019-03-31,2019,1,jpmorgan,2737188.0,259837.0,2477351.0,13.0,111.0,6.5,1.23,30.07,209100.0,73.54459233818055
2019-03-31,2019,1,morganstanley,875964.0,80724.0,794072.0,16.7,150.0,8.4,1.0,21.96,47948.0,65.05867783762126
2019-03-31,2019,1,statestreet,228332.0,25038.0,203294.0,12.1,1.1,6.6,1.01,39.16,1420.0,9.872
2019-03-31,2019,1,wellsfargo,1887792.0,197832.0,1689059.0,12.59,123.0,9.15,1.25,37.3,93896.0,15.0
2018-12-31,2018,4,bankofamerica,2354507.0,265325.0,2089182.0,11.9,118.0,8.4,1.21,20.91,186988.0,86.0
2018-12-31,2018,4,bny,362873.0,40638.0,322005.0,10.7,118.0,6.6,1.13,34.15,14243.0,6.6
2018-12-31,2018,4,citigroup,1917383.0,196220.0,1720309.0,12.3,121.0,6.41,0.95,28.15,166090.0,95.0
2018-12-31,2018,4,goldmansachs,931796.0,90185.0,841611.0,13.1,127.0,6.2,1.08,16.62,78723.0,69.3016350879009
2018-12-31,2018,4,jpmorgan,2622532.0,256515.0,2366017.0,12.9,113.0,6.4,1.26,40.05,172839.0,72.130273254754
2018-12-31,2018,4,morganstanley,853531.0,80246.0,772125.0,17.1,145.0,8.4,1.04,11.76,49759.0,69.3016350879009
2018-12-31,2018,4,statestreet,244596.0,24737.0,219859.0,12.1,1.08,6.3,1.06,49.18,1082.0,10.64
2018-12-31,2018,4,wellsfargo,1895883.0,196166.0,1698817.0,12.43,121.0,9.07,1.2,37.69,92430.0,16.0
2018-09-30,2018,3,bankofamerica,2338833.0,262158.0,2076675.0,11.4,120.0,8.3,1.09,22.34,171600.0,77.0
2018-09-30,2018,3,bny,349770.0,41560.0,307909.0,11.2,121.0,7.0,1.07,29.03,10158.0,4.7
2018-09-30,2018,3,citigroup,1925165.0,197004.0,1727302.0,12.16,120.0,6.5,0.92,26.15,162104.0,82.0
2018-09-30,2018,3,goldmansachs,957190.0,86762.0,870428.0,12.4,128.0,6.0,1.1,12.68,85920.0,74.9589114216071
2018-09-30,2018,3,jpmorgan,2615183.0,258956.0,2356227.0,12.9,115.0,6.5,1.22,34.0,169251.0,49.501167919929216
2018-09-30,2018,3,morganstanley,865517.0,78703.0,785443.0,16.7,135.0,8.2,1.07,30.54,60328.0,59.40140150391506
2018-09-30,2018,3,statestreet,234007.0,24553.0,209454.0,14.1,1.07,7.1,1.18,19.21,1690.0,6.011
2018-09-30,2018,3,wellsfargo,1872981.0,198741.0,1673302.0,12.51,124.0,9.22,1.09,34.28,92418.0,12.0
2018-06-30,2018,2,bankofamerica,2291670.0,264216.0,2027454.0,11.4,122.0,8.4,1.03,18.84,177903.0,96.0
2018-06-30,2018,2,bny,352928.0,41505.0,311182.0,11.9,118.0,6.7,1.06,23.38,13200.0,5.3
2018-06-30,2018,2,citigroup,1912334.0,200094.0,1711366.0,12.45,119.0,6.6,0.91,20.06,162673.0,90.0
2018-06-30,2018,2,goldmansachs,968610.0,86599.0,882011.0,11.5,131.0,5.8,1.07,13.37,93219.0,90.51642133929914
2018-06-30,2018,2,jpmorgan,2590050.0,257458.0,2332592.0,12.8,115.0,6.5,1.16,24.25,165484.0,49.501167919929216
2018-06-30,2018,2,morganstanley,875875.0,79109.0,795369.0,15.8,128.0,8.2,1.03,26.93,50650.0,62.23003967076816
2018-06-30,2018,2,statestreet,248308.0,22571.0,225737.0,12.4,1.08,6.2,1.1,28.12,3088.0,6.548
2018-06-30,2018,2,wellsfargo,1879700.0,205188.0,1673631.0,12.67,123.0,9.51,1.0,39.65,89307.0,15.0
2018-03-31,2018,1,bankofamerica,2328478.0,266224.0,2062254.0,11.4,124.0,8.4,0.95,19.06,178528.0,85.0
2018-03-31,2018,1,bny,373597.0,41728.0,331473.0,11.7,116.0,6.5,1.02,21.83,21600.0,6.5
2018-03-31,2018,1,citigroup,1922104.0,201915.0,1719238.0,12.23,120.0,6.71,0.88,19.19,157875.0,102.0
2018-03-31,2018,1,goldmansachs,973535.0,83579.0,889956.0,11.1,129.0,5.7,0.99,10.81,94690.0,103.24529309013808
2018-03-31,2018,1,jpmorgan,2609785.0,256201.0,2353584.0,12.5,115.0,6.5,1.11,23.56,163698.0,60.81572058734161
2018-03-31,2018,1,morganstanley,858495.0,78034.0,779006.0,15.5,121.0,8.2,0.96,21.03,51575.0,65.05867783762126
2018-03-31,2018,1,statestreet,250286.0,22399.0,227887.0,12.1,1.09,6.0,1.06,25.54,2020.0,6.62
2018-03-31,2018,1,wellsfargo,1915388.0,204952.0,1709478.0,12.66,123.0,9.32,1.02,40.38,80916.0,17.0
2017-12-31,2017,4,bankofamerica,2281234.0,267146.0,2014088.0,11.5,125.0,8.6,0.99,30.62,176865.0,86.0
2017-12-31,2017,4,bny,371758.0,41251.0,330012.0,10.7,118.0,6.6,0.97,60.78,15163.0,5.0
2017-12-31,2017,4,citigroup,1842465.0,200740.0,1640793.0,12.39,123.0,6.68,2.12,23.24,142972.0,93.0
2017-12-31,2017,4,goldmansachs,916776.0,82243.0,834533.0,10.7,132.0,5.8,0.98,13.11,84718.0,76.37323050503365
2017-12-31,2017,4,jpmorgan,2533600.0,255693.0,2277907.0,12.7,119.0,6.5,1.05,34.41,151006.0,48.08684883650267
2017-12-31,2017,4,morganstanley,851733.0,77391.0,773267.0,16.9,128.0,8.2,0.89,37.1,56424.0,53.74412517020887
2017-12-31,2017,4,statestreet,238425.0,22317.0,216108.0,12.3,1.12,7.3,1.11,31.93,2842.0,8.475
2017-12-31,2017,4,wellsfargo,1951757.0,206936.0,1743678.0,12.28,124.0,,0.91,59.28,88684.0,13.0
2017-09-30,2017,3,bankofamerica,2283896.0,272459.0,2011437.0,11.9,126.0,9.0,0.91,25.49,189790.0,81.0
2017-09-30,2017,3,bny,354397.0,40523.0,313293.0,11.1,119.0,6.8,1.04,25.95,10314.0,3.8
2017-09-30,2017,3,citigroup,1889133.0,227634.0,1660511.0,14.17,123.0,7.29,0.85,22.69,145668.0,89.0
2017-09-30,2017,3,goldmansachs,930132.0,86292.0,843840.0,12.0,128.0,6.1,0.95,14.84,86424.0,66.47299692104781
2017-09-30,2017,3,jpmorgan,2563074.0,258382.0,2304692.0,12.9,120.0,6.6,1.06,31.64,159526.0,42.429572502796475
2017-09-30,2017,3,morganstanley,853693.0,78978.0,773579.0,16.7,130.0,8.4,0.87,32.82,53983.0,60.81572058734161
2017-09-30,2017,3,statestreet,235986.0,22497.0,213489.0,12.6,1.12,7.4,0.98,20.35,3867.0,7.546
2017-09-30,2017,3,wellsfargo,1934939.0,205929.0,1728115.0,12.61,128.0,,1.11,46.87,79824.0,15.0
2017-06-30,2017,2,bankofamerica,2254529.0,270987.0,1983542.0,11.6,,8.9,0.9,15.74,196407.0,96.0
2017-06-30,2017,2,bny,354815.0,39974.0,314317.0,10.8,116.0,6.7,1.04,21.8,10934.0,4.1
2017-06-30,2017,2,citigroup,1864063.0,230019.0,1632956.0,14.15,125.0,7.41,0.84,12.78,141607.0,96.0
2017-06-30,2017,2,goldmansachs,906518.0,86675.0,819843.0,12.5,,6.3,0.95,19.01,83635.0,72.130273254754
2017-06-30,2017,2,jpmorgan,2563174.0,258483.0,2304691.0,12.7,115.0,6.6,1.05,27.35,154404.0,38.18661525251682
2017-06-30,2017,2,morganstanley,841016.0,78826.0,761049.0,16.0,,8.5,0.85,33.98,50697.0,72.130273254754
2017-06-30,2017,2,statestreet,238274.0,22068.0,216206.0,12.0,1.09,7.0,0.92,24.32,3856.0,7.74
2017-06-30,2017,2,wellsfargo,1930871.0,205230.0,1724726.0,12.39,124.0,,1.18,34.84,78683.0,29.0
2017-03-31,2017,1,bankofamerica,2247701.0,268153.0,1979548.0,11.0,,8.8,0.89,15.66,186098.0,44.0
2017-03-31,2017,1,bny,337536.0,39138.0,297705.0,10.4,117.0,6.6,1.04,23.21,11149.0,4.1
2017-03-31,2017,1,citigroup,1821635.0,228132.0,1592482.0,13.86,123.0,7.46,0.86,11.86,133262.0,100.0
2017-03-31,2017,1,goldmansachs,894069.0,86917.0,807152.0,12.9,,6.4,0.96,12.63,88533.0,90.51642133929914
2017-03-31,2017,1,jpmorgan,2546290.0,255863.0,2290427.0,12.6,,8.4,1.03,30.34,171470.0,35.35797708566373
2017-03-31,2017,1,morganstanley,832391.0,77924.0,753307.0,17.4,,8.5,0.85,24.97,56525.0,62.23003967076816
2017-03-31,2017,1,statestreet,236802.0,21294.0,215508.0,11.2,,6.8,0.95,32.29,4003.0,6.595
2017-03-31,2017,1,wellsfargo,1951564.0,201500.0,1749075.0,11.98,,,1.17,36.37,76366.0,26.0
2016-12-31,2016,4,bankofamerica,2188067.0,266195.0,1921872.0,11.0,,8.9,0.82,18.07,170291.0,43.0
2016-12-31,2016,4,bny,333469.0,38811.0,293889.0,10.6,114.0,6.6,0.98,23.24,9989.0,5.8
2016-12-31,2016,4,citigroup,1792077.0,225120.0,1565934.0,14.35,121.0,7.22,0.85,14.16,125863.0,89.0
2016-12-31,2016,4,goldmansachs,860165.0,86893.0,773272.0,12.7,,6.4,0.86,12.73,71816.0,86.2734640890195
2016-12-31,2016,4,jpmorgan,2490972.0,254190.0,2236782.0,12.2,,6.5,1.02,27.92,153529.0,56.57276333706197
2016-12-31,2016,4,morganstanley,814949.0,76050.0,737772.0,16.9,,8.4,0.76,35.26,54628.0,55.158444253635416
2016-12-31,2016,4,statestreet,242698.0,21219.0,221479.0,11.7,,6.5,0.88,26.03,4400.0,8.285
2016-12-31,2016,4,wellsfargo,1930115.0,199581.0,1729618.0,11.67,,,1.19,39.43,78124.0,23.0
2016-09-30,2016,3,bankofamerica,2195314.0,270083.0,1925231.0,11.0,,9.1,0.76,17.3,178195.0,47.0
2016-09-30,2016,3,bny,374114.0,39695.0,333741.0,10.5,109.0,6.6,0.9,21.38,8052.0,6.6
2016-09-30,2016,3,citigroup,1818117.0,231575.0,1585427.0,14.28,120.0,7.7,0.82,12.92,136279.0,85.0
2016-09-30,2016,3,goldmansachs,879987.0,87110.0,792877.0,12.4,,6.3,0.66,13.29,73905.0,80.6161877553133
2016-09-30,2016,3,jpmorgan,2521029.0,254331.0,2266698.0,12.0,,8.5,0.95,30.16,152865.0,60.81572058734161
2016-09-30,2016,3,morganstanley,813891.0,77149.0,735429.0,15.8,,,0.65,30.6,46936.0,59.40140150391506
2016-09-30,2016,3,statestreet,256140.0,22150.0,233959.0,12.3,,6.8,0.84,28.99,4392.0,7.497
2016-09-30,2016,3,wellsfargo,1942124.0,203028.0,1738166.0,11.34,,,1.21,36.81,108468.0,22.0
2016-06-30,2016,2,bankofamerica,2186609.0,267069.0,1919540.0,10.6,,8.9,0.74,11.71,178062.0,54.0
2016-06-30,2016,2,bny,372351.0,38559.0,333054.0,10.2,106.0,5.8,0.84,22.78,7611.0,5.9
2016-06-30,2016,2,citigroup,1818771.0,231888.0,1585750.0,14.25,121.0,7.48,0.84,4.03,141603.0,88.0
2016-06-30,2016,2,goldmansachs,896843.0,86514.0,810329.0,12.2,,6.1,0.59,17.44,77530.0,87.68778317244605
2016-06-30,2016,2,jpmorgan,2466096.0,252423.0,2213673.0,12.0,,6.6,0.97,30.9,154101.0,63.64435875419471
2016-06-30,2016,2,morganstanley,828873.0,77116.0,750498.0,16.8,,8.3,0.58,31.07,50328.0,65.05867783762126
2016-06-30,2016,2,statestreet,255386.0,22073.0,233282.0,12.0,,7.0,0.78,22.74,4379.0,5.986
2016-06-30,2016,2,wellsfargo,1889235.0,201745.0,1686574.0,11.09,,,1.26,37.83,104812.0,21.0
2016-03-31,2016,1,bankofamerica,2185498.0,262776.0,1922722.0,10.3,,8.7,0.75,17.15,188960.0,50.0
2016-03-31,2016,1,bny,372870.0,38459.0,333585.0,10.6,107.0,5.9,0.83,23.33,14803.0,5.4
2016-03-31,2016,1,citigroup,1800967.0,227522.0,1572206.0,14.04,120.0,7.44,0.89,4.58,140643.0,108.0
2016-03-31,2016,1,goldmansachs,878036.0,86837.0,791199.0,12.2,,6.0,0.5,24.25,77617.0,101.83097400671151
2016-03-31,2016,1,jpmorgan,2423808.0,250157.0,2173651.0,11.7,,6.6,0.96,32.58,147396.0,76.37323050503365
2016-03-31,2016,1,morganstanley,807497.0,76010.0,730322.0,15.6,,8.2,0.61,35.73,59289.0,65.05867783762126
2016-03-31,2016,1,statestreet,243685.0,21496.0,222157.0,12.3,,6.9,0.74,42.32,4247.0,4.693
2016-03-31,2016,1,wellsfargo,1849182.0,197496.0,1650678.0,11.06,,,1.28,37.44,92875.0,18.0
2015-12-31,2015,4,bankofamerica,2144287.0,256176.0,1888111.0,11.6,,6.6,0.75,17.17,174291.0,53.0
2015-12-31,2015,4,bny,393780.0,38037.0,354805.0,10.8,,6.0,0.83,29.94,15002.0,4.8
2015-12-31,2015,4,citigroup,1731210.0,221857.0,1508118.0,14.6,112.0,7.08,0.97,4.88,131839.0,107.0
2015-12-31,2015,4,goldmansachs,861395.0,86728.0,774667.0,12.4,,5.9,0.71,51.05,86069.0,100.41665492328498
2015-12-31,2015,4,jpmorgan,2351698.0,247573.0,2104125.0,11.6,,6.5,0.99,31.94,134504.0,66.47299692104781
2015-12-31,2015,4,morganstanley,787465.0,75182.0,711281.0,15.5,,8.3,0.79,59.21,56008.0,65.05867783762126
2015-12-31,2015,4,statestreet,245155.0,21103.0,224020.0,12.5,,6.9,0.76,25.23,4505.0,7.022
2015-12-31,2015,4,wellsfargo,1787632.0,192998.0,1593741.0,11.42,,,1.34,38.04,82948.0,19.0
2015-09-30,2015,3,bankofamerica,2153006.0,255905.0,1897101.0,11.6,,8.5,0.76,12.45,199238.0,60.0
2015-09-30,2015,3,bny,377371.0,38170.0,338172.0,10.5,,5.9,0.73,23.34,8824.0,5.0
2015-09-30,2015,3,citigroup,1808356.0,220848.0,1586219.0,14.1,112.0,7.35,0.78,3.68,148680.0,116.0
2015-09-30,2015,3,goldmansachs,880559.0,87703.0,792856.0,12.7,,5.8,0.86,22.33,89481.0,104.65961217356464
2015-09-30,2015,3,jpmorgan,2417121.0,245728.0,2171393.0,11.4,,6.4,0.97,26.4,165410.0,76.37323050503365
2015-09-30,2015,3,morganstanley,834113.0,75287.0,757693.0,14.0,,8.1,0.46,40.17,78898.0,74.9589114216071
2015-09-30,2015,3,statestreet,247274.0,21500.0,225742.0,12.1,,6.3,0.72,25.79,7785.0,6.056
2015-09-30,2015,3,wellsfargo,1751265.0,193051.0,1557222.0,,,,1.38,35.38,,21.0
2015-06-30,2015,2,bankofamerica,2149034.0,251659.0,1897375.0,11.2,,8.5,0.54,10.91,213024.0,61.0
2015-06-30,2015,2,bny,395254.0,38270.0,355830.0,10.9,,5.8,0.77,23.39,10020.0,5.4
2015-06-30,2015,2,citigroup,1829370.0,219440.0,1608545.0,13.78,111.0,7.22,0.69,3.34,155322.0,113.0
2015-06-30,2015,2,goldmansachs,859879.0,87654.0,772225.0,12.5,,5.7,0.97,32.64,87642.0,108.90256942384428
2015-06-30,2015,2,jpmorgan,2449599.0,241205.0,2208394.0,11.0,,6.0,0.91,28.81,166676.0,59.40140150391506
2015-06-30,2015,2,morganstanley,825755.0,75038.0,749688.0,14.0,,7.9,0.54,26.45,88869.0,76.37323050503365
2015-06-30,2015,2,statestreet,294571.0,21500.0,273071.0,12.2,,6.0,0.64,35.48,10993.0,6.271
2015-06-30,2015,2,wellsfargo,1720617.0,189558.0,1529941.0,,,,1.41,36.02,,16.0
2015-03-31,2015,1,bankofamerica,2143545.0,250188.0,1893357.0,11.06,,8.4,0.41,19.41,203758.0,71.0
2015-03-31,2015,1,bny,399088.0,37328.0,360208.0,10.0,,5.6,0.72,25.46,7919.0,5.5
2015-03-31,2015,1,citigroup,1831801.0,214620.0,1615778.0,11.37,111.0,6.95,0.45,0.68,154559.0,131.0
2015-03-31,2015,1,goldmansachs,865458.0,85127.0,780331.0,12.6,,5.3,1.04,10.08,85833.0,114.55984575755048
2015-03-31,2015,1,jpmorgan,2577148.0,235864.0,2341284.0,10.7,,5.7,0.89,27.86,177101.0,60.81572058734161
2015-03-31,2015,1,morganstanley,829099.0,74162.0,753633.0,13.1,,7.8,0.55,12.03,88872.0,66.47299692104781
2015-03-31,2015,1,statestreet,279476.0,20819.0,258657.0,12.2,,5.8,0.77,33.24,10175.0,7.022
2015-03-31,2015,1,wellsfargo,1737737.0,188796.0,1547773.0,,,,1.43,33.05,,18.0
2014-12-31,2014,4,bankofamerica,2104534.0,243471.0,1861063.0,12.32,,,0.26,15.33,201277.0,59.0
2014-12-31,2014,4,bny,385303.0,37441.0,346600.0,11.2,,5.2,0.7,91.87,11469.0,5.5
2014-12-31,2014,4,citigroup,1842181.0,210185.0,1630485.0,10.57,112.0,6.62,0.4,16.52,147538.0,120.0
2014-12-31,2014,4,goldmansachs,855842.0,82797.0,773045.0,12.2,,9.0,0.96,13.53,88215.0,108.90256942384428
2014-12-31,2014,4,jpmorgan,2572274.0,231727.0,2340547.0,10.2,,5.6,0.87,33.95,170303.0,60.81572058734161
2014-12-31,2014,4,morganstanley,801510.0,70900.0,729406.0,12.6,,7.9,0.45,,95634.0,66.47299692104781
2014-12-31,2014,4,statestreet,274119.0,21328.0,252791.0,12.5,,6.4,0.78,27.07,8946.0,8.281
2014-12-31,2014,4,wellsfargo,1687155.0,184394.0,1501893.0,,,,1.47,35.15,,21.0
2014-09-30,2014,3,bankofamerica,2123613.0,238681.0,1884932.0,11.98,,,0.25,,217925.0,56.0
2014-09-30,2014,3,bny,386296.0,38451.0,346698.0,10.2,,5.4,0.78,18.67,9687.0,6.0
2014-09-30,2014,3,citigroup,1882849.0,212272.0,1668958.0,10.66,111.0,5.99,0.5,1.15,149361.0,121.0
2014-09-30,2014,3,goldmansachs,868933.0,82275.0,786658.0,11.8,,9.0,0.96,11.95,96660.0,93.34505950615224
2014-09-30,2014,3,jpmorgan,2527005.0,231277.0,2295728.0,10.2,,5.5,0.88,29.86,178710.0,50.91548700335576
2014-09-30,2014,3,morganstanley,814511.0,72918.0,740500.0,14.4,,8.2,0.66,16.22,106650.0,59.40140150391506
2014-09-30,2014,3,statestreet,274805.0,21156.0,253649.0,12.8,,6.4,0.82,23.25,9402.0,6.455
2014-09-30,2014,3,wellsfargo,1636855.0,182481.0,1453865.0,,,,1.51,33.8,,17.0
2014-06-30,2014,2,bankofamerica,2170557.0,237411.0,1933146.0,12.0,,,0.37,5.11,217829.0,59.0
2014-06-30,2014,2,bny,400740.0,38326.0,361266.0,10.0,,5.9,0.74,36.21,10301.0,7.9
2014-06-30,2014,2,citigroup,1909715.0,211362.0,1696616.0,10.58,123.0,5.7,0.51,29.41,160261.0,59.0
2014-06-30,2014,2,goldmansachs,859914.0,81629.0,778285.0,11.4,,8.4,0.88,13.26,106966.0,108.90256942384428
2014-06-30,2014,2,jpmorgan,2520336.0,227314.0,2293022.0,9.8,,5.4,0.65,27.62,196060.0,77.7875495884602
2014-06-30,2014,2,morganstanley,826568.0,70755.0,754367.0,13.9,,7.8,0.58,15.16,136869.0,67.88731600447436
2014-06-30,2014,2,statestreet,282324.0,21700.0,260624.0,12.8,,6.9,0.78,21.26,9182.0,6.912
2014-06-30,2014,2,wellsfargo,1598874.0,180859.0,1417325.0,,,,1.53,34.0,,24.0
2014-03-31,2014,1,bankofamerica,2149851.0,231888.0,1917963.0,11.8,,,0.45,,203108.0,59.0
2014-03-31,2014,1,bny,368241.0,37986.0,329272.0,11.1,,6.1,0.86,26.85,9935.0,9.0
2014-03-31,2014,1,citigroup,1894736.0,208462.0,1684494.0,10.47,120.0,5.6,0.72,0.81,166206.0,156.0
2014-03-31,2014,1,goldmansachs,915665.0,79099.0,836566.0,14.6,,8.2,0.83,13.55,138744.0,115.97416484097702
2014-03-31,2014,1,jpmorgan,2476986.0,219655.0,2257331.0,10.9,,,0.68,30.35,194144.0,59.40140150391506
2014-03-31,2014,1,morganstanley,831381.0,67071.0,761113.0,14.1,,7.6,0.49,6.8,141748.0,70.71595417132745
2014-03-31,2014,1,statestreet,256663.0,21273.0,235390.0,,,7.4,0.82,31.46,8971.0,5.13
2014-03-31,2014,1,wellsfargo,1546707.0,175654.0,1370238.0,,,,1.55,28.16,,24.0
2013-12-31,2013,4,bankofamerica,2102273.0,232685.0,1869588.0,10.91,,,0.53,3.08,198106.0,99.0
2013-12-31,2013,4,bny,374516.0,37497.0,336006.0,,,,0.6,35.48,9648.0,8.2
2013-12-31,2013,4,citigroup,1880382.0,204339.0,1674249.0,10.59,,5.4,0.73,1.35,176601.0,144.0
2013-12-31,2013,4,goldmansachs,911507.0,78467.0,833040.0,14.6,,8.1,0.87,11.65,164782.0,120.21712209125668
2013-12-31,2013,4,jpmorgan,2415689.0,211178.0,2204511.0,10.7,,,0.75,29.93,161654.0,62.23003967076816
2013-12-31,2013,4,morganstanley,832702.0,65921.0,763672.0,12.8,,7.6,0.45,1108.51,170244.0,74.9589114216071
2013-12-31,2013,4,statestreet,243291.0,20378.0,222913.0,15.5,,6.9,0.88,100.87,7972.0,5.13
2013-12-31,2013,4,wellsfargo,1523502.0,170142.0,1352494.0,,,,1.51,31.01,,23.0
2013-09-30,2013,3,bankofamerica,2126653.0,232282.0,1894371.0,11.08,,,0.41,5.14,226274.0,54.0
2013-09-30,2013,3,bny,371952.0,36959.0,333969.0,,,,0.64,18.44,9737.0,11.3
2013-09-30,2013,3,bny,371952.0,36959.0,333969.0,,,,0.64,18.44,9737.0,11.3
2013-09-30,2013,3,citigroup,1899511.0,200846.0,1696772.0,12.68,113.0,5.1,0.66,1.01,216387.0,117.0
2013-09-30,2013,3,goldmansachs,923223.0,77616.0,845607.0,,,,0.92,16.59,157781.0,114.55984575755048
2013-09-30,2013,3,jpmorgan,2463309.0,206670.0,2256639.0,10.5,,,0.77,,198118.0,63.64435875419471
2013-09-30,2013,3,morganstanley,832223.0,65128.0,763982.0,,,,0.54,0.0,160297.0,79.20186867188676
2013-09-30,2013,3,statestreet,217180.0,20430.0,196750.0,,,,0.97,21.61,10217.0,5.13
2013-09-30,2013,3,wellsfargo,1488055.0,167165.0,1319242.0,,,,1.52,29.76,,18.0
2013-06-30,2013,2,bankofamerica,2123320.0,231032.0,1892288.0,10.83,,,0.31,3.0,232609.0,69.0
2013-06-30,2013,2,bny,360505.0,35882.0,323574.0,,,,0.59,21.69,12600.0,11.3
2013-06-30,2013,2,citigroup,1883988.0,195926.0,1686162.0,12.16,110.0,4.9,0.52,0.69,218252.0,120.0
2013-06-30,2013,2,goldmansachs,938456.0,78043.0,860072.0,,,,0.91,13.0,158957.0,121.63144117468322
2013-06-30,2013,2,jpmorgan,2439494.0,209239.0,2230255.0,10.4,,,1.03,24.11,234573.0,56.57276333706197
2013-06-30,2013,2,morganstanley,802691.0,63181.0,736577.0,11.8,,,0.31,11.75,152736.0,86.2734640890195
2013-06-30,2013,2,statestreet,227300.0,20081.0,207219.0,,,,1.02,20.42,9252.0,5.13
2013-06-30,2013,2,wellsfargo,1440563.0,162421.0,1276786.0,,,,1.52,30.2,,15.0
2013-03-31,2013,1,bankofamerica,2174819.0,237293.0,1937526.0,10.49,,,0.23,9.82,248149.0,80.0
2013-03-31,2013,1,bny,355942.0,35690.0,319268.0,,,,0.5,,8602.0,13.0
2013-03-31,2013,1,citigroup,1881734.0,193359.0,1686395.0,11.84,116.0,,0.45,0.88,222053.0,110.0
2013-03-31,2013,1,goldmansachs,959223.0,77228.0,881563.0,,,,0.8,11.29,155356.0,117.38848392440356
2013-03-31,2013,1,jpmorgan,2389349.0,207086.0,2182263.0,10.2,,,0.97,19.16,224019.0,87.68778317244605
2013-03-31,2013,1,morganstanley,801383.0,62704.0,735311.0,11.5,,,0.23,10.26,142780.0,87.68778317244605
2013-03-31,2013,1,statestreet,218189.0,20869.0,197320.0,,,,1.03,26.03,12108.0,5.13
2013-03-31,2013,1,wellsfargo,1436634.0,162086.0,1273239.0,,,,1.46,26.75,,24.0
2012-12-31,2012,4,bankofamerica,2209974.0,236956.0,1973018.0,11.06,,,0.19,29.37,293259.0,100.0
2012-12-31,2012,4,bny,358990.0,36431.0,321548.0,,,,0.74,25.12,7427.0,10.5
2012-12-31,2012,4,citigroup,1864660.0,189049.0,1673663.0,,,,0.42,2.41,211236.0,137.0
2012-12-31,2012,4,goldmansachs,938555.0,75716.0,862839.0,,,,0.8,8.75,171807.0,100.41665492328498
2012-12-31,2012,4,jpmorgan,2359141.0,204069.0,2155072.0,11.0,,,0.92,22.22,240103.0,138.6032701758018
2012-12-31,2012,4,morganstanley,780960.0,62109.0,715532.0,,,,0.1,16.26,140900.0,106.0739312569912
2012-12-31,2012,4,statestreet,222582.0,20869.0,201713.0,,,,0.94,23.52,8405.0,5.13
2012-12-31,2012,4,wellsfargo,1422968.0,157554.0,1264057.0,,,,1.42,23.84,,18.0
2012-09-30,2012,3,bankofamerica,2166162.0,238606.0,1927556.0,,,,0.25,,273900.0,54.8
2012-09-30,2012,3,bny,339944.0,36218.0,302805.0,,,,0.71,21.86,12450.0,12.6
2012-09-30,2012,3,citigroup,1931346.0,186777.0,1742608.0,,,,0.39,6.74,224370.0,129.0
2012-09-30,2012,3,goldmansachs,949207.0,73687.0,874181.0,,,,0.59,15.91,166186.0,114.55984575755048
2012-09-30,2012,3,jpmorgan,2321284.0,199693.0,2121591.0,,,,0.84,22.09,257218.0,172.546928178039
2012-09-30,2012,3,morganstanley,764985.0,61799.0,699815.0,13.9,,,-0.03,,132661.0,101.83097400671151
2012-09-30,2012,3,statestreet,204522.0,20749.0,183773.0,,,,0.95,17.2,8102.0,5.13
2012-09-30,2012,3,wellsfargo,1374715.0,154679.0,1218656.0,,,,1.36,24.68,,19.0
2012-06-30,2012,2,bankofamerica,2160854.0,235975.0,1924879.0,,,,0.51,5.63,285914.0,62.5
2012-06-30,2012,2,bny,330283.0,34533.0,294898.0,,,,0.71,34.06,9162.0,10.0
2012-06-30,2012,2,citigroup,1916451.0,183911.0,1730612.0,,,,0.56,1.08,214851.0,149.0
2012-06-30,2012,2,goldmansachs,948638.0,72855.0,874560.0,,,,0.39,25.67,160442.0,120.21712209125668
2012-06-30,2012,2,jpmorgan,2290146.0,191572.0,2098574.0,,,,0.79,25.29,261657.0,106.0739312569912
2012-06-30,2012,2,morganstanley,748517.0,62841.0,676880.0,13.6,,,0.38,18.76,125756.0,107.48825034041774
2012-06-30,2012,2,statestreet,200777.0,19897.0,180880.0,,,,0.95,23.94,9564.0,5.13
2012-06-30,2012,2,wellsfargo,1336204.0,148070.0,1186767.0,,,,1.34,26.6,,31.0
2012-03-31,2012,1,bankofamerica,2181449.0,232499.0,1948950.0,,,,0.0,34.86,258491.0,84.1
2012-03-31,2012,1,bny,300169.0,34000.0,265340.0,,,,0.89,25.61,8285.0,9.0
2012-03-31,2012,1,citigroup,1944423.0,181820.0,1760700.0,,,,0.57,1.04,226008.0,178.0
2012-03-31,2012,1,goldmansachs,950932.0,71656.0,877899.0,,,,0.41,8.92,173092.0,134.36031292552215
2012-03-31,2012,1,jpmorgan,2320164.0,189269.0,2130895.0,,,,0.81,26.09,250483.0,114.55984575755048
2012-03-31,2012,1,morganstanley,781030.0,62324.0,710438.0,13.3,,,0.46,,130696.0,110.31688850727085
2012-03-31,2012,1,statestreet,187956.0,20159.0,167797.0,,,,1.04,28.18,8058.0,5.13
2012-03-31,2012,1,wellsfargo,1333799.0,145516.0,1186950.0,,,,1.3,28.97,,32.0
2011-12-31,2011,4,bankofamerica,2129046.0,230101.0,1898945.0,,,,0.07,6.82,214864.0,88.4
2011-12-31,2011,4,bny,325266.0,33417.0,291065.0,,,,0.9,31.8,6267.0,11.3
2011-12-31,2011,4,citigroup,1873878.0,177806.0,1694305.0,,,,0.59,3.14,198373.0,183.0
2011-12-31,2011,4,goldmansachs,923225.0,70379.0,851396.0,,,,0.48,19.12,164502.0,140.01758925922837
2011-12-31,2011,4,jpmorgan,2265792.0,183573.0,2082219.0,,,,0.87,28.67,213532.0,107.48825034041774
2011-12-31,2011,4,morganstanley,749898.0,62049.0,679820.0,,,,0.6,,120194.0,123.04576025810977
2011-12-31,2011,4,statestreet,216827.0,19398.0,197429.0,,,,1.02,23.45,9228.0,5.13
2011-12-31,2011,4,wellsfargo,1313867.0,140241.0,1172180.0,,,,1.26,16.26,,32.0
2011-09-30,2011,3,bankofamerica,2219628.0,230252.0,1989376.0,,,,-0.08,1.64,248116.0,163.7
2011-09-30,2011,3,bny,322187.0,33695.0,287658.0,,,,0.97,25.0,6768.0,13.3
2011-09-30,2011,3,citigroup,1935992.0,177372.0,1756650.0,,,,0.58,0.62,223612.0,196.0
2011-09-30,2011,3,goldmansachs,948909.0,70088.0,877346.0,,,,0.63,,143498.0,203.66194801342303
2011-09-30,2011,3,jpmorgan,2289240.0,182287.0,2106953.0,,,,0.91,25.18,238585.0,99.00233583985845
2011-09-30,2011,3,morganstanley,794939.0,61828.0,724845.0,,,,0.73,4.52,125088.0,202.24762892999652
2011-09-30,2011,3,statestreet,208795.0,19651.0,189144.0,,,,0.85,16.57,16477.0,5.13
2011-09-30,2011,3,wellsfargo,1304945.0,137768.0,1165701.0,,,,1.23,16.57,,30.0
2011-06-30,2011,2,bankofamerica,2261319.0,222176.0,2039143.0,,,,-0.66,,239521.0,229.2
2011-06-30,2011,2,bny,304706.0,33851.0,269983.0,,,,1.02,22.42,7572.0,8.1
2011-06-30,2011,2,citigroup,1956626.0,176364.0,1777981.0,,,,0.53,0.0,203843.0,168.0
2011-06-30,2011,2,goldmansachs,936910.0,72356.0,863362.0,,,,0.89,18.63,155450.0,120.21712209125668
2011-06-30,2011,2,jpmorgan,2246764.0,182879.0,2063885.0,,,,0.95,19.79,254124.0,108.90256942384428
2011-06-30,2011,2,morganstanley,830747.0,59707.0,762604.0,,,,0.55,,154448.0,182.44716176202485
2011-06-30,2011,2,statestreet,190455.0,19834.0,170621.0,,,,0.92,17.73,12247.0,5.13
2011-06-30,2011,2,wellsfargo,1259734.0,136401.0,1121818.0,,,,1.19,17.03,,28.0
2011-03-31,2011,1,bankofamerica,2274532.0,230876.0,2043656.0,,,,-0.15,6.09,260521.0,183.9
2011-03-31,2011,1,bny,266444.0,33258.0,232304.0,,,,1.11,18.11,5435.0,7.5
2011-03-31,2011,1,citigroup,1947815.0,171037.0,1774422.0,,,,0.49,1.0,187825.0,195.0
2011-03-31,2011,1,goldmansachs,933289.0,72469.0,859938.0,,,,0.84,21.81,165475.0,158.4037373437735
2011-03-31,2011,1,jpmorgan,2198161.0,180598.0,2017563.0,,,,0.9,20.52,285444.0,117.38848392440356
2011-03-31,2011,1,morganstanley,836185.0,58186.0,769677.0,,,,0.55,10.27,174960.0,189.51875717915755
2011-03-31,2011,1,statestreet,171796.0,19180.0,152616.0,,,,0.94,19.74,11738.0,5.13
2011-03-31,2011,1,wellsfargo,1244666.0,133471.0,1109723.0,,,,1.12,17.76,,25.0
2010-12-31,2010,4,bankofamerica,2264909.0,228248.0,2036661.0,,,,-0.1,,245359.0,157.1
2010-12-31,2010,4,bny,247259.0,32354.0,214102.0,,,,1.15,16.52,5602.0,3.9
2010-12-31,2010,4,citigroup,1913902.0,163468.0,1748113.0,,,,0.58,0.0,189558.0,191.0
2010-12-31,2010,4,goldmansachs,911332.0,77356.0,833104.0,,,,0.95,8.98,162345.0,156.98941826034695
2010-12-31,2010,4,jpmorgan,2117605.0,176106.0,1941499.0,,,,0.84,4.7,276644.0,123.04576025810977
2010-12-31,2010,4,morganstanley,807698.0,57211.0,742291.0,,,,0.69,11.92,168761.0,166.8896518443328
2010-12-31,2010,4,statestreet,160505.0,17787.0,142718.0,,,,0.98,6.17,15347.0,5.13
2010-12-31,2010,4,wellsfargo,1258128.0,126408.0,1130239.0,,,,1.01,8.11,,30.0
2010-09-30,2010,3,bankofamerica,2339660.0,230495.0,2109165.0,,,,-0.05,,296605.0,185.0
2010-09-30,2010,3,bny,254157.0,32153.0,221266.0,,,,1.14,17.58,3301.0,9.2
2010-09-30,2010,3,citigroup,1983280.0,162913.0,1818097.0,,,,0.1,0.0,192065.0,213.0
2010-09-30,2010,3,goldmansachs,908679.0,75657.0,832176.0,,,,1.22,11.51,150429.0,176.78988542831863
2010-09-30,2010,3,jpmorgan,2141595.0,173830.0,1967765.0,,,,0.76,5.15,314161.0,140.01758925922837
2010-09-30,2010,3,morganstanley,841372.0,56876.0,775790.0,,,,0.63,83.13,184173.0,294.1783693527222
2010-09-30,2010,3,statestreet,172964.0,17569.0,155395.0,,,,1.17,0.93,13979.0,5.13
2010-09-30,2010,3,wellsfargo,1220784.0,123658.0,1095619.0,,,,0.99,8.35,,31.0
2010-06-30,2010,2,bankofamerica,2368384.0,233174.0,2135210.0,,,,0.22,3.65,307211.0,189.0
2010-06-30,2010,2,bny,235693.0,30396.0,204588.0,,,,-0.18,16.64,2712.0,6.6
2010-06-30,2010,2,citigroup,1937656.0,154806.0,1780326.0,,,,-0.01,0.0,196112.0,188.0
2010-06-30,2010,2,goldmansachs,883188.0,73819.0,808400.0,,,,1.38,43.93,149908.0,195.17603351286377
2010-06-30,2010,2,jpmorgan,2014019.0,171120.0,1842899.0,,,,0.74,4.81,237455.0,127.28871750838942
2010-06-30,2010,2,morganstanley,809456.0,51013.0,750297.0,,,,0.71,6.27,199915.0,231.94832968195405
2010-06-30,2010,2,statestreet,162075.0,16059.0,146016.0,,,,1.11,1.17,14505.0,5.13
2010-06-30,2010,2,wellsfargo,1225862.0,119772.0,1104464.0,,,,0.96,9.03,,30.0
2010-03-31,2010,1,bankofamerica,2344634.0,229823.0,2114811.0,,,,0.22,3.88,270601.0,275.8
2010-03-31,2010,1,bny,220551.0,29683.0,190096.0,,,,-0.28,18.29,3882.0,10.9
2010-03-31,2010,1,citigroup,2002213.0,151421.0,1848434.0,,,,0.08,0.0,207911.0,200.0
2010-03-31,2010,1,goldmansachs,880528.0,72944.0,806600.0,,,,,6.16,153517.0,231.94832968195405
2010-03-31,2010,1,jpmorgan,2135796.0,164721.0,1971075.0,,,,0.61,7.09,295171.0,115.97416484097702
2010-03-31,2010,1,morganstanley,819719.0,48264.0,764540.0,,,,0.49,4.75,191482.0,236.1912869322337
2010-03-31,2010,1,statestreet,153971.0,15410.0,138561.0,,,,1.23,1.02,13280.0,5.13
2010-03-31,2010,1,wellsfargo,1223630.0,116142.0,1105476.0,,,,0.97,10.96,,38.0
2009-12-31,2009,4,bankofamerica,2230232.0,231444.0,1998788.0,,,,0.31,,255185.0,255.7
2009-12-31,2009,4,bny,212224.0,28977.0,183221.0,,,,-0.36,15.31,3348.0,8.1
2009-12-31,2009,4,citigroup,1856646.0,152700.0,1701673.0,,,,-0.06,,154281.0,163.0
2009-12-31,2009,4,goldmansachs,848942.0,70714.0,777268.0,,,,1.37,4.09,128360.0,216.390819764262
2009-12-31,2009,4,jpmorgan,2031989.0,165365.0,1866624.0,,,,0.55,7.05,261413.0,231.94832968195405
2009-12-31,2009,4,morganstanley,771462.0,46688.0,718682.0,,,,0.2,19.66,173057.0,264.4776686007647
2009-12-31,2009,4,statestreet,157946.0,14491.0,143455.0,,,,1.09,1.2,15074.0,5.13
2009-12-31,2009,4,wellsfargo,1243646.0,111786.0,1129287.0,,,,0.99,0.0,26016.0,45.0
2009-09-30,2009,3,bankofamerica,2251043.0,257683.0,1993360.0,,,,0.23,,249578.0,159.4
2009-09-30,2009,3,bny,212007.0,28295.0,183691.0,,,,-0.6,,2553.0,6.0
2009-09-30,2009,3,citigroup,1888599.0,140842.0,1745650.0,,,,-0.73,,178159.0,281.0
2009-09-30,2009,3,jpmorgan,2041009.0,162253.0,1878756.0,,,,0.36,6.39,310219.0,291.34973118586913
2009-09-30,2009,3,morganstanley,769506.0,46349.0,717282.0,,,,-2.13,10.37,163758.0,247.5058395996461
2009-09-30,2009,3,statestreet,163277.0,13440.0,149837.0,,,,0.7,0.92,16839.0,5.13
2009-09-30,2009,3,wellsfargo,1228625.0,122150.0,1099701.0,,,,0.75,8.87,,42.0
2009-09-25,2009,3,goldmansachs,882185.0,65354.0,815874.0,,,,-0.37,6.44,127035.0,
2009-06-30,2009,2,bankofamerica,2254394.0,255152.0,1999242.0,,,,0.35,3.63,263639.0,167.7
2009-06-30,2009,2,bny,203012.0,27276.0,175708.0,,,,0.65,37.83,2058.0,4.5
2009-06-30,2009,2,citigroup,1848533.0,152302.0,1694365.0,,,,-0.93,0.0,172016.0,260.0
2009-06-30,2009,2,jpmorgan,2026642.0,154766.0,1871876.0,,,,0.22,15.21,300931.0,377.6231952748886
2009-06-30,2009,2,morganstanley,676957.0,46586.0,625494.0,,,,-2.14,,101807.0,244.677201432793
2009-06-30,2009,2,statestreet,153421.0,12103.0,141318.0,,,,1.14,,16931.0,5.13
2009-06-30,2009,2,wellsfargo,1284177.0,114623.0,1162795.0,,,,0.55,8.31,,59.0
2009-06-26,2009,2,goldmansachs,889544.0,62813.0,825793.0,,,,-0.87,7.25,132982.0,
2009-03-31,2009,1,bankofamerica,2321963.0,239549.0,2082414.0,,,,0.35,2.3,246734.0,244.6
2009-03-31,2009,1,bny,203478.0,28210.0,175241.0,,,,0.54,76.31,1605.0,8.8
2009-03-31,2009,1,citigroup,1822578.0,143934.0,1676651.0,,,,-1.25,,184803.0,291.0
2009-03-31,2009,1,jpmorgan,2079188.0,170194.0,1908994.0,,,,0.19,15.93,279837.0,475.2112120313205
2009-03-31,2009,1,morganstanley,626023.0,48522.0,576816.0,,,,-1.98,,76729.0,192.34739534601067
2009-03-31,2009,1,statestreet,142144.0,13858.0,128286.0,,,,1.19,1.12,11790.0,5.13
2009-03-31,2009,1,wellsfargo,1285891.0,100295.0,1178834.0,,,,0.4,60.53,,103.0
2009-03-27,2009,1,goldmansachs,925290.0,63553.0,860663.0,,,,,0.0,133395.0,
2008-12-31,2008,4,bankofamerica,1817943.0,177052.0,1640891.0,,,,0.23,,206598.0,171.3
2008-12-31,2008,4,bny,237512.0,28050.0,209423.0,,,,0.67,1154.17,1372.0,14.7
2008-12-31,2008,4,citigroup,1938470.0,141630.0,1794448.0,,,,-1.55,,205293.0,295.0
2008-12-31,2008,4,jpmorgan,2175052.0,166884.0,2008168.0,,,,0.2,593.2,192546.0,231.94832968195405
2008-12-31,2008,4,statestreet,173631.0,12774.0,160857.0,,,,1.15,43.59,12236.0,5.13
2008-12-31,2008,4,wellsfargo,1309639.0,99084.0,1207323.0,,,,0.29,,62203.0,19.0
2008-12-26,2008,4,goldmansachs,1112225.0,63054.0,1048069.0,,,,,,260421.0,
2008-11-30,2008,4,morganstanley,659035.0,50831.0,607499.0,,,,0.15,,107618.0,
2008-11-28,2008,4,goldmansachs,884547.0,64369.0,819051.0,,,,0.23,,62883.0,
2008-09-30,2008,3,bankofamerica,1831177.0,161039.0,1670138.0,,,,0.36,424.82,225729.0,94.6
2008-09-30,2008,3,bny,267510.0,27513.0,239997.0,,,,0.92,91.42,6467.0,7.6
2008-09-30,2008,3,citigroup,2050131.0,126062.0,1920607.0,,,,-0.96,,250419.0,240.0
2008-09-30,2008,3,jpmorgan,2251469.0,145843.0,2105626.0,,,,0.39,459.75,224075.0,248.92015868307263
2008-09-30,2008,3,statestreet,285564.0,13064.0,272500.0,,,,0.84,21.8,19258.0,5.13
2008-09-30,2008,3,wellsfargo,622361.0,46957.0,575102.0,,,,1.2,68.91,,25.0
2008-08-31,2008,3,morganstanley,987403.0,35765.0,951638.0,,,,0.01,21.18,142036.0,
2008-08-29,2008,3,goldmansachs,1081773.0,45599.0,1032553.0,,,,0.72,19.14,110204.0,
2008-06-30,2008,2,bankofamerica,1716875.0,162691.0,1554184.0,,,,0.53,89.57,238123.0,87.5
2008-06-30,2008,2,bny,201225.0,28569.0,172656.0,,,,1.47,91.42,2488.0,10.9
2008-06-30,2008,2,citigroup,2100385.0,136405.0,1959465.0,,,,-0.71,,246107.0,292.0
2008-06-30,2008,2,jpmorgan,1775670.0,133176.0,1642494.0,,,,0.66,73.9,194724.0,210.7335434305558
2008-06-30,2008,2,statestreet,146221.0,14039.0,132182.0,,,,1.28,18.98,17075.0,5.13
2008-06-30,2008,2,wellsfargo,609074.0,47964.0,560809.0,,,,1.31,58.53,,15.0
2008-05-31,2008,2,morganstanley,1031228.0,34493.0,996735.0,,,,0.02,29.58,162526.0,
2008-05-30,2008,2,goldmansachs,1088145.0,44818.0,1039640.0,,,,0.95,7.61,115733.0,
2008-03-31,2008,1,bankofamerica,1736502.0,156309.0,1580193.0,,,,0.68,285.9,219738.0,90.1
2008-03-31,2008,1,bny,204935.0,28475.0,176460.0,,,,1.67,36.85,2963.0,10.8
2008-03-31,2008,1,citigroup,2199697.0,128068.0,2067387.0,,,,-0.33,,279561.0,341.0
2008-03-31,2008,1,jpmorgan,1642862.0,125627.0,1517235.0,,,,0.85,55.88,192633.0,172.546928178039
2008-03-31,2008,1,statestreet,154349.0,10806.0,143543.0,,,,1.12,16.94,14666.0,5.13
2008-03-31,2008,1,wellsfargo,595221.0,48159.0,546782.0,,,,1.49,51.23,,13.0
2008-02-29,2008,1,goldmansachs,1189006.0,42629.0,1138690.0,,,,0.94,10.7,161498.0,
2008-02-29,2008,1,morganstanley,1090896.0,33280.0,1057616.0,,,,0.14,19.45,209611.0,
2007-12-31,2007,4,bankofamerica,1715746.0,146803.0,1568943.0,,,,0.94,2662.62,221435.0,69.8
2007-12-31,2007,4,bny,197656.0,29403.0,168253.0,,,,1.48,54.58,2193.0,8.8
2007-12-31,2007,4,citigroup,2187480.0,113447.0,2074033.0,,,,0.16,,304243.0,191.0
2007-12-31,2007,4,jpmorgan,1562147.0,123221.0,1438926.0,,,,1.05,52.24,154398.0,149.9178228432142
2007-12-31,2007,4,statestreet,142543.0,11299.0,131244.0,,,,1.01,39.46,15071.0,5.13
2007-12-31,2007,4,wellsfargo,575442.0,47628.0,527814.0,,,,1.56,76.12,,18.0
2007-11-30,2007,4,goldmansachs,1119796.0,42800.0,1069731.0,,,,1.18,4.99,159178.0,
2007-11-30,2007,4,morganstanley,1045409.0,31269.0,1014140.0,,,,0.21,,245069.0,
2007-09-30,2007,3,bankofamerica,1578763.0,138510.0,1440253.0,,,,1.32,78.0,199293.0,46.7
2007-09-30,2007,3,bny,183972.0,28957.0,155015.0,,,,1.34,42.68,2929.0,11.4
2007-09-30,2007,3,citigroup,2358115.0,126962.0,2231153.0,,,,0.86,127.91,440369.0,141.0
2007-09-30,2007,3,jpmorgan,1479575.0,119978.0,1359597.0,,,,1.16,39.13,178767.0,151.33214192664076
2007-09-30,2007,3,statestreet,139888.0,11250.0,128638.0,,,,1.07,24.3,14328.0,5.13
2007-09-30,2007,3,wellsfargo,548727.0,47566.0,501161.0,,,,1.71,47.58,,35.0
2007-08-31,2007,3,goldmansachs,1045778.0,39118.0,997753.0,,,,1.25,5.6,160253.0,
2007-08-31,2007,3,morganstanley,1185131.0,35250.0,1149881.0,,,,0.73,19.69,346201.0,
2007-06-30,2007,2,bankofamerica,1534359.0,135751.0,1398608.0,,,,1.46,43.59,221064.0,42.7
2007-06-30,2007,2,bny,126333.0,11829.0,114504.0,,,,1.37,37.5,1543.0,9.5
2007-06-30,2007,2,citigroup,2220715.0,127603.0,2093112.0,,,,1.09,44.32,394143.0,138.0
2007-06-30,2007,2,jpmorgan,1458042.0,119211.0,1338831.0,,,,1.16,31.37,205961.0,155.5750991769204
2007-06-30,2007,2,statestreet,112268.0,7748.0,104520.0,,,,1.18,19.95,15830.0,5.13
2007-06-30,2007,2,wellsfargo,539865.0,47301.0,492564.0,,,,1.71,0.0,,10.0
2007-06-30,2007,2,wellsfargo,539865.0,47301.0,492564.0,,,,1.71,0.0,,10.0
2007-05-31,2007,2,morganstanley,1199993.0,39511.0,1160482.0,,,,0.74,12.1,364946.0,
2007-05-25,2007,2,goldmansachs,943196.0,38459.0,896020.0,,,,1.18,7.04,144440.0,
2007-03-31,2007,1,bankofamerica,1502157.0,134856.0,1367301.0,,,,1.49,48.03,234413.0,41.3
2007-03-31,2007,1,bny,99848.0,11527.0,88321.0,,,,1.53,38.44,773.0,9.1
2007-03-31,2007,1,citigroup,2020815.0,121932.0,1898883.0,,,,1.11,55.24,393670.0,102.0
2007-03-31,2007,1,jpmorgan,1408918.0,117704.0,1291214.0,,,,1.15,25.01,218917.0,117.38848392440356
2007-03-31,2007,1,statestreet,110003.0,7467.0,102536.0,,,,1.05,22.93,22375.0,5.13
2007-03-31,2007,1,wellsfargo,485901.0,46073.0,439828.0,,,,1.77,0.0,,12.0
2007-02-28,2007,1,morganstanley,1182061.0,37954.0,1144107.0,,,,0.69,12.48,371356.0,
2007-02-23,2007,1,goldmansachs,912495.0,36900.0,865069.0,,,,1.23,5.18,192665.0,
2006-12-31,2006,4,bankofamerica,1459737.0,135272.0,1324465.0,,,,1.54,42.34,217527.0,
2006-12-31,2006,4,bny,103206.0,11429.0,91777.0,,,,1.44,38.64,790.0,
2006-12-31,2006,4,citigroup,1884318.0,119783.0,1764535.0,,,,1.23,55.39,349235.0,
2006-12-31,2006,4,jpmorgan,1351520.0,115790.0,1235730.0,,,,1.07,30.95,162173.0,
2006-12-31,2006,4,statestreet,107353.0,7252.0,100101.0,,,,1.07,22.65,21294.0,
2006-12-31,2006,4,wellsfargo,481996.0,45814.0,436182.0,,,,1.75,44.79,11707.0,
2006-11-30,2006,4,morganstanley,1121192.0,35364.0,1085828.0,,,,0.63,14.43,332154.0,
2006-11-24,2006,4,goldmansachs,838201.0,35786.0,800346.0,,,,1.23,5.25,147745.0,
2006-09-30,2006,3,bankofamerica,1449211.0,133597.0,1315614.0,,,,1.44,51.85,258090.0,
2006-09-30,2006,3,bny,106636.0,10467.0,96169.0,,,,1.33,56.42,1040.0,
2006-09-30,2006,3,citigroup,1746248.0,117865.0,1628383.0,,,,1.32,46.19,320095.0,
2006-09-30,2006,3,jpmorgan,1338029.0,113561.0,1224468.0,,,,0.97,37.81,188395.0,
2006-09-30,2006,3,statestreet,112310.0,7015.0,105295.0,,,,0.96,23.74,29572.0,
2006-09-30,2006,3,wellsfargo,483441.0,44862.0,438579.0,,,,1.76,0.0,,
2006-08-31,2006,3,morganstanley,1028872.0,34172.0,994700.0,,,,0.58,18.0,305122.0,
2006-08-25,2006,3,goldmansachs,798309.0,33493.0,764816.0,,,,1.09,10.55,128132.0,
2006-06-30,2006,2,bankofamerica,1445193.0,127841.0,1317352.0,,,,1.33,41.71,259108.0,
2006-06-30,2006,2,bny,108881.0,10056.0,98825.0,,,,1.34,40.66,1177.0,
2006-06-30,2006,2,citigroup,1626551.0,115428.0,1511123.0,,,,1.32,46.8,264494.0,
2006-06-30,2006,2,jpmorgan,1328001.0,110684.0,1217317.0,,,,0.93,35.13,175055.0,
2006-06-30,2006,2,statestreet,102536.0,6469.0,96067.0,,,,0.97,29.07,21204.0,
2006-06-30,2006,2,wellsfargo,499516.0,41894.0,457622.0,,,,1.7,89.69,,
2006-05-31,2006,2,morganstanley,1027043.0,32255.0,994788.0,,,,0.54,19.59,318498.0,
2006-05-26,2006,2,goldmansachs,798884.0,31800.0,767084.0,,,,1.13,7.26,146909.0,
2006-03-31,2006,1,bankofamerica,1375080.0,129426.0,1245654.0,,,,1.32,46.76,236919.0,
2006-03-31,2006,1,bny,103611.0,10101.0,93510.0,,,,1.32,45.02,903.0,
2006-03-31,2006,1,citigroup,1586201.0,114418.0,1471783.0,,,,1.35,44.67,279540.0,
2006-03-31,2006,1,jpmorgan,1273282.0,108337.0,1164945.0,,,,0.74,39.86,151006.0,
2006-03-31,2006,1,statestreet,104156.0,6413.0,97743.0,,,,0.98,22.83,24826.0,
2006-03-31,2006,1,wellsfargo,492428.0,41961.0,450467.0,,,,1.69,43.31,,
2006-02-28,2006,1,morganstanley,959613.0,30123.0,929490.0,,,,0.51,22.44,297614.0,
2006-02-24,2006,1,goldmansachs,758821.0,28915.0,729906.0,,,,0.97,4.97,167226.0,
2005-12-31,2005,4,bankofamerica,1291803.0,101533.0,1190270.0,,,,1.37,56.22,240655.0,
2005-12-31,2005,4,bny,102118.0,9876.0,92242.0,,,,1.37,47.79,834.0,
2005-12-31,2005,4,citigroup,1494037.0,112537.0,1381500.0,,,,1.37,91.77,242392.0,
2005-12-31,2005,4,jpmorgan,1198942.0,107211.0,1091731.0,,,,0.7,45.38,125925.0,
2005-12-31,2005,4,statestreet,97968.0,6367.0,91601.0,,,,0.98,20.52,22099.0,
2005-12-31,2005,4,wellsfargo,481741.0,40660.0,441081.0,,,,1.69,0.0,,
2005-11-30,2005,4,morganstanley,898523.0,29182.0,869341.0,,,,0.55,26.3,280831.0,
2005-11-25,2005,4,goldmansachs,706804.0,28002.0,675638.0,,,,0.91,6.71,149026.0,
2005-09-30,2005,3,bankofamerica,1252267.0,101728.0,1150539.0,,,,1.44,52.61,217053.0,
2005-09-30,2005,3,bny,101766.0,9608.0,92158.0,,,,1.2,48.35,3349.0,
2005-09-30,2005,3,citigroup,1472793.0,111837.0,1360956.0,,,,1.41,44.78,243819.0,
2005-09-30,2005,3,citigroup,1472793.0,111837.0,1360956.0,,,,1.41,44.78,243819.0,
2005-09-30,2005,3,jpmorgan,1203033.0,106135.0,1096898.0,,,,0.6,48.91,143404.0,
2005-09-30,2005,3,statestreet,104003.0,6104.0,97899.0,,,,0.86,31.25,23519.0,
2005-09-30,2005,3,wellsfargo,453494.0,39835.0,413659.0,,,,1.72,0.0,,
2005-08-31,2005,3,morganstanley,837391.0,28226.0,809165.0,,,,0.59,25.07,236348.0,
2005-08-26,2005,3,goldmansachs,669518.0,26607.0,642911.0,,,,0.9,8.02,131145.0,
2005-06-30,2005,2,bankofamerica,1246339.0,101335.0,1145004.0,,,,1.5,38.9,207710.0,
2005-06-30,2005,2,bny,103063.0,9471.0,93592.0,,,,1.19,44.9,1415.0,
2005-06-30,2005,2,citigroup,1547789.0,113037.0,1434752.0,,,,1.4,48.26,252774.0,
2005-06-30,2005,2,citigroup,1547789.0,113037.0,1434752.0,,,,1.4,48.26,252774.0,
2005-06-30,2005,2,jpmorgan,1171283.0,105385.0,1065898.0,,,,0.61,129.76,137350.0,
2005-06-30,2005,2,statestreet,104254.0,6248.0,98006.0,,,,0.81,30.0,24051.0,
2005-06-30,2005,2,wellsfargo,434981.0,39278.0,395703.0,,,,1.71,42.46,,
2005-05-31,2005,2,morganstanley,818711.0,28330.0,790381.0,,,,0.57,31.52,220145.0,
2005-05-27,2005,2,goldmansachs,624472.0,26395.0,598077.0,,,,0.81,14.8,95770.0,
2005-03-31,2005,1,bankofamerica,1212229.0,98927.0,1113302.0,,,,1.56,41.7,187652.0,
2005-03-31,2005,1,bny,96537.0,9335.0,87202.0,,,,1.34,44.06,879.0,
2005-03-31,2005,1,citigroup,1489891.0,110536.0,1379355.0,,,,1.18,44.9,217599.0,
2005-03-31,2005,1,jpmorgan,1178305.0,105340.0,1072965.0,,,,0.46,53.78,137062.0,
2005-03-31,2005,1,statestreet,100094.0,6025.0,94069.0,,,,0.84,22.12,22437.0,
2005-03-31,2005,1,wellsfargo,435643.0,38477.0,397166.0,,,,1.71,43.91,,
2005-02-28,2005,1,morganstanley,802210.0,28495.0,773715.0,,,,0.65,21.31,245204.0,
2005-02-25,2005,1,goldmansachs,596149.0,26075.0,570074.0,,,,0.92,8.47,109137.0,
2004-12-31,2004,4,bankofamerica,1110432.0,100235.0,1010197.0,,,,1.52,47.35,119741.0,
2004-12-31,2004,4,bny,94529.0,9290.0,85239.0,,,,1.34,93.29,1205.0,
2004-12-31,2004,4,citigroup,1484101.0,109291.0,1374810.0,,,,1.18,40.54,209555.0,
2004-12-31,2004,4,jpmorgan,1157248.0,105653.0,1051595.0,,,,0.44,84.52,127787.0,
2004-12-31,2004,4,statestreet,94040.0,6159.0,87881.0,,,,0.88,30.98,22316.0,
2004-12-31,2004,4,wellsfargo,427849.0,37866.0,389983.0,,,,1.72,0.0,,
2004-11-30,2004,4,morganstanley,747334.0,28206.0,719128.0,,,,0.69,22.63,219446.0,
2004-11-26,2004,4,goldmansachs,531379.0,25079.0,506300.0,,,,0.97,10.47,47573.0,
2004-09-30,2004,3,bankofamerica,1072802.0,98634.0,974168.0,,,,1.41,44.73,142992.0,
2004-09-30,2004,3,bny,93175.0,9054.0,84121.0,,,,1.48,43.5,1174.0,
2004-09-30,2004,3,citigroup,1436554.0,103366.0,1333188.0,,,,1.14,41.29,217157.0,
2004-09-30,2004,3,jpmorgan,1138469.0,105852.0,1032617.0,,,,0.48,86.98,167313.0,
2004-09-30,2004,3,statestreet,100527.0,6151.0,94376.0,,,,1.16,30.51,26202.0,
2004-09-30,2004,3,wellsfargo,421549.0,36680.0,384869.0,,,,1.69,0.0,,
2004-08-31,2004,3,morganstanley,745033.0,27420.0,717613.0,,,,0.71,0.0,228990.0,
2004-08-27,2004,3,goldmansachs,486686.0,23514.0,463172.0,,,,0.98,14.11,50876.0,
2004-06-30,2004,2,bankofamerica,1024701.0,95963.0,928738.0,,,,1.29,49.1,119264.0,
2004-06-30,2004,2,bny,97536.0,8785.0,88751.0,,,,1.32,41.78,1315.0,
2004-06-30,2004,2,citigroup,1396568.0,98311.0,1298257.0,,,,1.15,231.26,202940.0,
2004-06-30,2004,2,jpmorgan,817763.0,45941.0,771822.0,,,,0.6,,152619.0,
2004-06-30,2004,2,statestreet,94140.0,5910.0,88230.0,,,,1.23,24.55,23661.0,
2004-06-30,2004,2,wellsfargo,420305.0,35478.0,384827.0,,,,1.69,44.4,,
2004-05-31,2004,2,morganstanley,729501.0,27002.0,702499.0,,,,0.74,44.86,223696.0,
2004-05-28,2004,2,goldmansachs,467921.0,23152.0,444769.0,,,,0.95,10.36,38769.0,
2004-03-31,2004,1,bankofamerica,799942.0,49867.0,750075.0,,,,1.48,43.75,115434.0,
2004-03-31,2004,1,bny,92652.0,8760.0,83892.0,,,,1.42,40.11,869.0,
2004-03-31,2004,1,citigroup,1317591.0,101884.0,1215707.0,,,,1.48,42.05,179743.0,
2004-03-31,2004,1,jpmorgan,801078.0,48101.0,752977.0,,,,0.93,37.56,148526.0,
2004-03-31,2004,1,statestreet,92896.0,5942.0,86954.0,,,,0.98,23.04,23894.0,
2004-03-31,2004,1,wellsfargo,397354.0,35442.0,361912.0,,,,1.69,43.29,,
2004-02-29,2004,1,morganstanley,656898.0,26064.0,630834.0,,,,0.72,22.42,188615.0,
2004-02-27,2004,1,goldmansachs,443285.0,22235.0,421050.0,,,,0.89,9.67,39116.0,
2003-12-31,2003,4,bankofamerica,719483.0,47980.0,671503.0,,,,1.56,43.48,78046.0,
2003-12-31,2003,4,bny,92397.0,8428.0,83969.0,,,,1.36,47.23,1039.0,
2003-12-31,2003,4,citigroup,1264032.0,98014.0,1166018.0,,,,1.47,45.97,181156.0,
2003-12-31,2003,4,jpmorgan,770912.0,46154.0,724758.0,,,,0.88,38.36,113466.0,
2003-12-31,2003,4,statestreet,87534.0,5747.0,81787.0,,,,0.83,11.19,23825.0,
2003-12-31,2003,4,wellsfargo,387798.0,34469.0,353329.0,,,,1.68,46.98,,
2003-11-30,2003,4,morganstanley,602843.0,24867.0,577976.0,,,,0.74,20.37,174896.0,
2003-11-28,2003,4,goldmansachs,403799.0,21632.0,382167.0,,,,0.79,12.26,43084.0,
2003-09-30,2003,3,bankofamerica,737546.0,50445.0,687101.0,,,,1.53,40.84,79775.0,
2003-09-30,2003,3,bny,95193.0,8223.0,86970.0,,,,1.08,55.77,959.0,
2003-09-30,2003,3,citigroup,1208923.0,95259.0,1113664.0,,,,1.41,38.87,168125.0,
2003-09-30,2003,3,citigroup,1208923.0,95259.0,1113664.0,,,,1.41,38.87,168125.0,
2003-09-30,2003,3,jpmorgan,792700.0,44957.0,747743.0,,,,0.42,44.03,131959.0,
2003-09-30,2003,3,statestreet,81776.0,5244.0,76532.0,,,,0.94,23.27,23673.0,
2003-09-30,2003,3,wellsfargo,390750.0,32333.0,358417.0,,,,1.67,48.4,,
2003-08-31,2003,3,morganstanley,580632.0,23707.0,556925.0,,,,0.67,24.2,162210.0,
2003-08-29,2003,3,goldmansachs,394142.0,20438.0,373704.0,,,,0.68,17.43,40436.0,
2003-06-30,2003,2,bankofamerica,769654.0,51016.0,718638.0,,,,1.42,35.04,104821.0,
2003-06-30,2003,2,bny,99604.0,8113.0,91491.0,,,,0.85,46.1,1035.0,
2003-06-30,2003,2,citigroup,1187435.0,93301.0,1094134.0,,,,1.29,24.22,172864.0,
2003-06-30,2003,2,jpmorgan,802603.0,44821.0,757782.0,,,,0.22,39.67,155330.0,
2003-06-30,2003,2,statestreet,83102.0,5085.0,78017.0,,,,0.9,,21044.0,
2003-06-30,2003,2,wellsfargo,369583.0,32236.0,337347.0,,,,1.73,33.01,,
2003-05-31,2003,2,morganstanley,586881.0,22631.0,564250.0,,,,0.56,35.3,150475.0,
2003-05-30,2003,2,goldmansachs,404698.0,20042.0,384656.0,,,,0.65,8.06,44296.0,
2003-03-31,2003,1,bankofamerica,680197.0,50052.0,630145.0,,,,1.46,39.66,72976.0,
2003-03-31,2003,1,bny,79548.0,6874.0,72674.0,,,,1.07,46.44,452.0,
2003-03-31,2003,1,citigroup,1137373.0,87341.0,1050032.0,,,,1.29,25.3,178459.0,
2003-03-31,2003,1,jpmorgan,755156.0,43084.0,712072.0,,,,0.12,50.47,160221.0,
2003-03-31,2003,1,statestreet,79109.0,5051.0,74058.0,,,,1.22,44.79,28125.0,
2003-03-31,2003,1,wellsfargo,369607.0,30732.0,338875.0,,,,1.71,33.94,,
2003-02-28,2003,1,goldmansachs,371968.0,19514.0,352454.0,,,,0.66,8.61,48560.0,
2003-02-28,2003,1,morganstanley,559436.0,22465.0,536971.0,,,,0.62,24.33,147405.0,
2002-12-31,2002,4,bankofamerica,660951.0,50319.0,610632.0,,,,1.44,36.74,65079.0,
2002-12-31,2002,4,bny,77740.0,6684.0,71056.0,,,,1.14,137.0,636.0,
2002-12-31,2002,4,citigroup,1097590.0,86718.0,1010872.0,,,,1.26,38.07,162643.0,
2002-12-31,2002,4,jpmorgan,758800.0,42306.0,716494.0,,,,0.06,,169483.0,
2002-12-31,2002,4,statestreet,85794.0,4787.0,81007.0,,,,1.3,8.81,25858.0,
2002-12-31,2002,4,wellsfargo,349197.0,30319.0,318878.0,,,,1.74,32.33,,
2002-11-30,2002,4,morganstanley,529499.0,21885.0,507614.0,,,,0.61,33.48,148663.0,
2002-11-29,2002,4,goldmansachs,355574.0,19003.0,336571.0,,,,0.63,11.29,59919.0,
2002-09-30,2002,3,bankofamerica,660008.0,48239.0,611769.0,,,,1.34,40.3,61823.0,
2002-09-30,2002,3,bny,80987.0,6633.0,74354.0,,,,1.33,173.42,1256.0,
2002-09-30,2002,3,citigroup,1031968.0,80766.0,951202.0,,,,1.4,24.75,164946.0,
2002-09-30,2002,3,jpmorgan,741759.0,43437.0,698322.0,,,,0.22,2562.96,154745.0,
2002-09-30,2002,3,statestreet,77556.0,4349.0,73207.0,,,,0.94,20.88,24185.0,
2002-09-30,2002,3,wellsfargo,334250.0,30074.0,304176.0,,,,1.71,32.99,,
2002-08-31,2002,3,goldmansachs,349526.0,18844.0,330682.0,,,,0.65,11.11,54095.0,
2002-08-31,2002,3,morganstanley,516772.0,21416.0,495356.0,,,,0.63,41.15,136150.0,
2002-06-30,2002,2,bankofamerica,638448.0,47764.0,590684.0,,,,1.15,41.4,56678.0,
2002-06-30,2002,2,bny,80805.0,6610.0,74195.0,,,,1.65,38.23,1687.0,
2002-06-30,2002,2,citigroup,1083706.0,85715.0,997991.0,,,,1.4,24.61,171619.0,
2002-06-30,2002,2,jpmorgan,740546.0,42736.0,697810.0,,,,0.29,67.78,162656.0,
2002-06-30,2002,2,statestreet,80328.0,4187.0,76141.0,,,,0.92,22.47,22094.0,
2002-06-30,2002,2,wellsfargo,314802.0,29527.0,285275.0,,,,1.7,33.76,,
2002-05-31,2002,2,goldmansachs,327238.0,18858.0,308380.0,,,,0.66,9.95,47155.0,
2002-05-31,2002,2,morganstanley,553924.0,21276.0,532648.0,,,,0.63,31.66,161039.0,
2002-03-31,2002,1,bankofamerica,619921.0,48169.0,571752.0,,,,1.15,42.47,48545.0,
2002-03-31,2002,1,bny,76779.0,6354.0,70425.0,,,,1.76,37.85,1687.0,
2002-03-31,2002,1,citigroup,1057657.0,83638.0,974019.0,,,,1.32,24.21,165120.0,
2002-03-31,2002,1,jpmorgan,712508.0,41131.0,671377.0,,,,0.21,70.59,152837.0,
2002-03-31,2002,1,statestreet,73298.0,3994.0,69304.0,,,,0.97,19.66,21862.0,
2002-03-31,2002,1,wellsfargo,311509.0,28327.0,283182.0,,,,1.23,40.29,,
2002-02-28,2002,1,morganstanley,491651.0,20892.0,470759.0,,,,0.73,29.87,141885.0,
2002-02-22,2002,1,goldmansachs,310483.0,18495.0,291988.0,,,,0.67,10.88,38607.0,
2001-12-31,2001,4,bankofamerica,621764.0,48520.0,573244.0,,,,1.07,45.5,47727.0,
2001-12-31,2001,4,bny,81025.0,6317.0,74708.0,,,,1.7,38.97,1756.0,
2001-12-31,2001,4,citigroup,1051450.0,81247.0,970203.0,,,,1.36,23.33,153511.0,
2001-12-31,2001,4,jpmorgan,693575.0,41099.0,652476.0,,,,0.24,,128445.0,
2001-12-31,2001,4,statestreet,69850.0,3845.0,66005.0,,,,0.9,20.59,22321.0,
2001-12-31,2001,4,wellsfargo,307569.0,27214.0,280355.0,,,,1.18,37.79,,
2001-11-30,2001,4,goldmansachs,312218.0,18231.0,293987.0,,,,0.77,11.47,39369.0,
2001-11-30,2001,4,morganstanley,482628.0,20716.0,461912.0,,,,0.81,28.09,135858.0,
2001-09-30,2001,3,bankofamerica,640105.0,50151.0,589954.0,,,,0.93,106.2,59839.0,
2001-09-30,2001,3,bny,89677.0,6467.0,83210.0,,,,1.57,54.73,5719.0,
2001-09-30,2001,3,citigroup,1068249.0,78399.0,989850.0,,,,1.2,25.86,154709.0,
2001-09-30,2001,3,jpmorgan,799300.0,42735.0,756565.0,,,,0.63,155.96,181775.0,
2001-09-30,2001,3,statestreet,73129.0,3808.0,69321.0,,,,0.88,19.41,18846.0,
2001-09-30,2001,3,wellsfargo,298100.0,27322.0,270778.0,,,,1.2,38.36,,
2001-08-31,2001,3,goldmansachs,302029.0,17958.0,284071.0,,,,0.84,12.39,36784.0,
2001-08-31,2001,3,morganstanley,505782.0,19989.0,485793.0,,,,0.88,36.56,162508.0,
2001-06-30,2001,2,bankofamerica,625525.0,49302.0,576223.0,,,,1.09,44.51,52189.0,
2001-06-30,2001,2,bny,76831.0,6286.0,70545.0,,,,1.89,34.55,2201.0,
2001-06-30,2001,2,citigroup,953427.0,70528.0,882899.0,,,,1.31,26.21,148365.0,
2001-06-30,2001,2,jpmorgan,712702.0,42426.0,670276.0,,,,0.88,191.09,155062.0,
2001-06-30,2001,2,statestreet,70318.0,3677.0,66641.0,,,,0.87,19.16,20542.0,
2001-06-30,2001,2,wellsfargo,289758.0,27061.0,262697.0,,,,1.11,,,
2001-05-31,2001,2,morganstanley,497381.0,20019.0,477362.0,,,,0.98,27.62,140248.0,
2001-05-25,2001,2,goldmansachs,297038.0,18016.0,279022.0,,,,0.96,10.05,27476.0,
2001-03-31,2001,1,bankofamerica,609755.0,48886.0,560869.0,,,,1.13,48.15,37011.0,
2001-03-31,2001,1,bny,73073.0,6055.0,67018.0,,,,1.94,34.11,1080.0,
2001-03-31,2001,1,citigroup,944327.0,68659.0,875668.0,,,,1.42,20.26,136239.0,
2001-03-31,2001,1,jpmorgan,713624.0,43366.0,670258.0,,,,0.8,57.89,145703.0,
2001-03-31,2001,1,statestreet,67605.0,3484.0,64121.0,,,,0.88,25.62,20195.0,
2001-03-31,2001,1,wellsfargo,279670.0,26865.0,252805.0,,,,1.58,35.49,,
2001-02-28,2001,1,morganstanley,450097.0,19751.0,430346.0,,,,1.17,25.45,105595.0,
2001-02-23,2001,1,goldmansachs,304812.0,17438.0,287374.0,,,,1.01,7.55,39854.0,
2000-12-31,2000,4,bankofamerica,642191.0,47628.0,594563.0,,,,1.18,65.58,49411.0,
2000-12-31,2000,4,bny,77114.0,6152.0,70962.0,,,,1.88,35.48,1108.0,
2000-12-31,2000,4,citigroup,902210.0,66206.0,836004.0,,,,1.39,66.05,110625.0,
2000-12-31,2000,4,jpmorgan,715348.0,42338.0,673010.0,,,,0.83,23.39,131738.0,
2000-12-31,2000,4,statestreet,69298.0,3262.0,66036.0,,,,0.91,21.09,22306.0,
2000-12-31,2000,4,wellsfargo,272426.0,26488.0,245938.0,,,,1.57,36.65,,
2000-11-30,2000,4,morganstanley,421279.0,19271.0,402008.0,,,,1.39,18.47,97230.0,
2000-11-24,2000,4,goldmansachs,284410.0,16530.0,267880.0,,,,1.15,8.99,30996.0,
2000-09-30,2000,3,bankofamerica,671725.0,46859.0,624866.0,,,,1.24,44.86,72896.0,
2000-09-30,2000,3,bny,75409.0,5919.0,69490.0,,,,2.0,31.96,1478.0,
2000-09-30,2000,3,citigroup,804286.0,53641.0,750645.0,,,,1.99,22.49,127893.0,
2000-09-30,2000,3,jpmorgan,707497.0,39602.0,667895.0,,,,1.02,106.55,145210.0,
2000-09-30,2000,3,statestreet,64979.0,3089.0,61890.0,,,,1.16,18.0,19870.0,
2000-09-30,2000,3,wellsfargo,261322.0,26814.0,234508.0,,,,1.76,47.18,,
2000-08-31,2000,3,morganstanley,404123.0,18654.0,385469.0,,,,1.58,18.13,109383.0,
2000-08-25,2000,3,goldmansachs,275004.0,12693.0,262311.0,,,,1.25,6.67,42697.0,
2000-06-30,2000,2,bankofamerica,679538.0,45861.0,633677.0,,,,1.29,39.93,89508.0,
2000-06-30,2000,2,bny,76661.0,5507.0,71154.0,,,,2.48,33.15,1455.0,
2000-06-30,2000,2,citigroup,791333.0,51576.0,739757.0,,,,1.87,16.29,129057.0,
2000-06-30,2000,2,jpmorgan,396045.0,24884.0,371161.0,,,,1.23,36.89,57637.0,
2000-06-30,2000,2,statestreet,64630.0,2931.0,61699.0,,,,1.14,18.92,18494.0,
2000-06-30,2000,2,wellsfargo,256622.0,24841.0,231781.0,,,,1.85,37.37,,
2000-05-31,2000,2,morganstanley,417586.0,18110.0,399476.0,,,,1.48,15.53,98025.0,
2000-05-26,2000,2,goldmansachs,278319.0,11905.0,266414.0,,,,1.15,7.15,35114.0,
2000-03-31,2000,1,bankofamerica,656113.0,45299.0,610814.0,,,,1.29,37.16,83775.0,
2000-03-31,2000,1,bny,76041.0,5224.0,70817.0,,,,2.5,34.62,1440.0,
2000-03-31,2000,1,citigroup,738205.0,50326.0,687879.0,,,,1.82,14.17,106198.0,
2000-03-31,2000,1,jpmorgan,676046.0,35596.0,640450.0,,,,1.09,43.71,139520.0,
2000-03-31,2000,1,statestreet,60530.0,2777.0,57753.0,,,,1.18,17.33,17287.0,
2000-03-31,2000,1,wellsfargo,245567.0,25358.0,220209.0,,,,1.86,37.26,,
2000-02-29,2000,1,morganstanley,408072.0,17852.0,390220.0,,,,1.45,14.78,119629.0,
2000-02-25,2000,1,goldmansachs,276894.0,11096.0,265798.0,,,,1.02,6.09,41546.0,
1999-12-31,1999,4,bankofamerica,632574.0,44432.0,588142.0,,,,1.26,44.77,74561.0,
1999-12-31,1999,4,bny,74756.0,5143.0,69613.0,,,,2.52,36.39,1318.0,
1999-12-31,1999,4,citigroup,795584.0,58290.0,737294.0,,,,1.59,16.04,92591.0,
1999-12-31,1999,4,jpmorgan,667003.0,35056.0,631947.0,,,,1.16,13.69,109841.0,
1999-12-31,1999,4,statestreet,60896.0,2652.0,58244.0,,,,1.15,10.44,19453.0,
1999-12-31,1999,4,wellsfargo,241053.0,23871.0,217182.0,,,,1.81,35.62,,
1999-11-30,1999,4,morganstanley,366967.0,17014.0,349953.0,,,,1.4,8.18,119179.0,
1999-11-26,1999,4,goldmansachs,250491.0,10145.0,240346.0,,,,1.16,7.47,40183.0,
1999-09-30,1999,3,bankofamerica,620652.0,45889.0,574763.0,,,,1.31,36.02,79739.0,
1999-09-30,1999,3,bny,63158.0,4896.0,58262.0,,,,2.89,13.58,2055.0,
1999-09-30,1999,3,citigroup,687450.0,46677.0,640773.0,,,,1.51,19.73,95164.0,
1999-09-30,1999,3,jpmorgan,625863.0,34349.0,591514.0,,,,0.78,44.06,105658.0,
1999-09-30,1999,3,statestreet,54972.0,2462.0,52510.0,,,,0.91,17.46,16322.0,
1999-09-30,1999,3,wellsfargo,207060.0,22182.0,184878.0,,,,1.4,34.52,,
1999-08-31,1999,3,morganstanley,340870.0,15445.0,325425.0,,,,1.25,27.99,115346.0,
1999-08-27,1999,3,goldmansachs,236273.0,8597.0,227676.0,,,,,8.31,32634.0,
1999-06-30,1999,2,bankofamerica,614102.0,45631.0,568471.0,,,,1.05,41.07,78317.0,
1999-06-30,1999,2,bny,67771.0,5280.0,62491.0,,,,2.08,33.13,3639.0,
1999-06-30,1999,2,citigroup,689600.0,45235.0,644365.0,,,,1.07,19.67,93661.0,
1999-06-30,1999,2,jpmorgan,626262.0,34511.0,591751.0,,,,0.93,27.78,105453.0,
1999-06-30,1999,2,statestreet,53330.0,2441.0,50889.0,,,,0.93,20.33,14419.0,
1999-06-30,1999,2,wellsfargo,205421.0,21375.0,184046.0,,,,1.33,35.9,,
1999-05-31,1999,2,morganstanley,342345.0,15349.0,326996.0,,,,1.12,23.84,113310.0,
1999-05-28,1999,2,goldmansachs,244632.0,7856.0,236776.0,,,,,0.0,41092.0,
1999-03-31,1999,1,bankofamerica,614245.0,46831.0,567414.0,,,,1.42,40.9,74767.0,
1999-03-31,1999,1,bny,64917.0,5306.0,59611.0,,,,2.13,33.54,3189.0,
1999-03-31,1999,1,citigroup,690649.0,43959.0,646690.0,,,,1.05,17.53,104322.0,
1999-03-31,1999,1,jpmorgan,630328.0,34898.0,595430.0,,,,0.88,30.09,113026.0,
1999-03-31,1999,1,statestreet,49750.0,2395.0,47355.0,,,,1.02,19.01,15618.0,
1999-03-31,1999,1,wellsfargo,201430.0,21276.0,180154.0,,,,1.22,34.74,,
1999-02-28,1999,1,morganstanley,321778.0,14837.0,306941.0,,,,1.12,26.69,116971.0,
1999-02-26,1999,1,goldmansachs,230624.0,6991.0,223633.0,,,,,0.0,36906.0,
1998-12-31,1998,4,bankofamerica,617679.0,45938.0,571741.0,,,,0.87,39.07,67543.0,
1998-12-31,1998,4,bny,63503.0,5448.0,58055.0,,,,2.08,33.65,1571.0,
1998-12-31,1998,4,citigroup,668641.0,42708.0,625933.0,,,,1.05,14.44,81025.0,
1998-12-31,1998,4,jpmorgan,626942.0,35099.0,591843.0,,,,0.76,38.12,105000.0,
1998-12-31,1998,4,statestreet,47082.0,2311.0,44771.0,,,,1.03,20.91,13477.0,
1998-12-31,1998,4,wellsfargo,202475.0,20759.0,181716.0,,,,1.13,0.0,,
1998-11-30,1998,4,morganstanley,317590.0,14119.0,303471.0,,,,1.09,18.67,98963.0,
1998-11-27,1998,4,goldmansachs,217380.0,6384.0,210996.0,,,,,0.0,36257.0,
1998-09-30,1998,3,bankofamerica,594673.0,47307.0,547366.0,,,,0.81,177.95,65625.0,
1998-09-30,1998,3,bny,63812.0,5014.0,58798.0,,,,2.03,34.55,1807.0,
1998-09-30,1998,3,citigroup,701314.0,43090.0,658224.0,,,,0.98,41.88,321669.0,
1998-09-30,1998,3,jpmorgan,654964.0,34737.0,620227.0,,,,0.72,47.81,126352.0,
1998-09-30,1998,3,statestreet,50607.0,2218.0,48389.0,,,,0.99,18.02,15889.0,
1998-09-30,1998,3,wellsfargo,195863.0,20558.0,175305.0,,,,2.6,0.0,,
1998-08-31,1998,3,morganstanley,360929.0,13642.0,347287.0,,,,0.93,38.09,118148.0,
1998-06-30,1998,2,bankofamerica,571870.0,48921.0,522949.0,,,,1.07,7.98,13403.0,
1998-06-30,1998,2,bny,63003.0,4968.0,58035.0,,,,1.98,33.22,1996.0,
1998-06-30,1998,2,citigroup,750827.0,44144.0,706683.0,,,,1.25,13.06,215982.0,
1998-06-30,1998,2,jpmorgan,647772.0,34326.0,613446.0,,,,0.81,20.37,115563.0,
1998-06-30,1998,2,statestreet,46711.0,2158.0,44553.0,,,,1.0,18.35,11891.0,
1998-06-30,1998,2,wellsfargo,186084.0,20158.0,165926.0,,,,2.41,0.0,,
1998-05-31,1998,2,morganstanley,380665.0,13825.0,366840.0,,,,0.93,28.05,114628.0,
1998-03-31,1998,1,bankofamerica,314503.0,25220.0,289283.0,,,,1.28,36.66,47534.0,
1998-03-31,1998,1,bny,59611.0,4812.0,54799.0,,,,2.03,33.8,1896.0,
1998-03-31,1998,1,citigroup,738889.0,43084.0,695805.0,,,,1.23,19.3,214719.0,
1998-03-31,1998,1,jpmorgan,637254.0,33638.0,603616.0,,,,0.79,50.58,121455.0,
1998-03-31,1998,1,statestreet,39010.0,2077.0,36933.0,,,,1.1,19.81,9943.0,
1998-03-31,1998,1,wellsfargo,190853.0,19772.0,171081.0,,,,2.09,39.37,,
1998-02-28,1998,1,morganstanley,345534.0,14524.0,331010.0,,,,1.55,43.29,121660.0,
1997-12-31,1997,4,bankofamerica,570983.0,44584.0,526399.0,,,,1.25,45.36,61414.0,
1997-12-31,1997,4,bny,59961.0,5002.0,54959.0,,,,2.02,32.77,2329.0,
1997-12-31,1997,4,citigroup,697384.0,41851.0,655533.0,,,,1.04,31.89,331224.0,
1997-12-31,1997,4,jpmorgan,627680.0,33146.0,594534.0,,,,0.87,36.0,113930.0,
1997-12-31,1997,4,statestreet,37975.0,1995.0,35980.0,,,,1.09,19.11,7598.0,
1997-12-31,1997,4,wellsfargo,185685.0,19778.0,165907.0,,,,1.88,0.0,,
1997-11-30,1997,4,morganstanley,302287.0,13956.0,288331.0,,,,0.98,20.92,111680.0,
1997-09-30,1997,3,bankofamerica,543176.33,45757.27,497419.06,,,,1.3,33.25,14886.24,
1997-09-30,1997,3,bny,61222.0,4992.0,56230.0,,,,1.94,33.33,1936.0,
1997-09-30,1997,3,citigroup,469812.0,36528.0,433284.0,,,,1.82,14.23,194098.0,
1997-09-30,1997,3,jpmorgan,636169.0,32798.0,603371.0,,,,0.9,29.91,135522.0,
1997-09-30,1997,3,statestreet,35404.0,1916.0,33488.0,,,,1.12,17.51,7653.0,
1997-09-30,1997,3,wellsfargo,85252.2,6823.0,78429.2,,,,2.9,0.0,,
1997-08-31,1997,3,morganstanley,282480.0,12787.0,269693.0,,,,,25.0,104590.0,
1997-06-30,1997,2,bankofamerica,542730.07,45746.79,496983.28,,,,1.24,33.84,14402.45,
1997-06-30,1997,2,bny,61242.0,4937.0,56305.0,,,,1.88,34.59,1573.0,
1997-06-30,1997,2,citigroup,463899.0,35647.0,428252.0,,,,1.84,11.42,225579.0,
1997-06-30,1997,2,jpmorgan,602524.0,32141.0,570383.0,,,,0.9,32.22,117873.0,
1997-06-30,1997,2,statestreet,36686.0,1832.0,34854.0,,,,1.0,19.2,6777.0,
1997-06-30,1997,2,wellsfargo,83856.3,6507.1,77349.2,,,,2.87,0.0,,
1997-05-31,1997,2,morganstanley,269984.0,12156.0,257828.0,,,,,32.25,89503.0,
1997-03-31,1997,1,bankofamerica,530709.79,45494.29,485215.5,,,,1.21,35.86,10009.5,
1997-03-31,1997,1,bny,58384.0,5020.0,53364.0,,,,1.89,35.74,2083.0,
1997-03-31,1997,1,citigroup,444298.0,33638.0,410660.0,,,,1.83,12.15,215436.0,
1997-03-31,1997,1,jpmorgan,566720.0,31898.0,534822.0,,,,0.94,31.41,111534.0,
1997-03-31,1997,1,morganstanley,42260.0,5460.3,36799.7,,,,,0.0,,
1997-03-31,1997,1,statestreet,33631.0,1738.0,31893.0,,,,1.02,18.66,8208.0,
1997-03-31,1997,1,wellsfargo,83580.3,6187.2,77393.1,,,,2.89,35.54,,
1997-02-28,1997,1,morganstanley,224772.0,6496.0,218276.0,,,,,9.73,,
1996-12-31,1996,4,bankofamerica,477702.0,37793.0,439909.0,,,,1.24,35.7,30466.0,
1996-12-31,1996,4,bny,55765.0,5127.0,50638.0,,,,1.87,34.82,1737.0,
1996-12-31,1996,4,citigroup,626906.0,38416.0,588490.0,,,,1.43,6.93,298522.0,
1996-12-31,1996,4,jpmorgan,558125.0,32426.0,525699.0,,,,0.77,30.87,115297.0,
1996-12-31,1996,4,statestreet,31524.0,1775.0,29749.0,,,,1.02,20.78,7504.0,
1996-12-31,1996,4,wellsfargo,80175.4,6064.2,74111.2,,,,2.93,0.0,,
1996-11-30,1996,4,morganstanley,238860.0,11702.0,227158.0,,,,,0.0,,
1996-09-30,1996,3,bankofamerica,471894.87,37138.77,434756.1,,,,1.22,33.73,11619.65,
1996-09-30,1996,3,bny,52388.0,5117.0,47271.0,,,,1.96,34.55,1916.0,
1996-09-30,1996,3,citigroup,416384.0,32693.0,383691.0,,,,1.62,11.2,203498.0,
1996-09-30,1996,3,jpmorgan,534252.0,32218.0,502034.0,,,,0.78,35.21,103421.0,
1996-09-30,1996,3,statestreet,28444.92,1622.43,26822.49,,,,1.04,20.68,6998.28,
1996-09-30,1996,3,wellsfargo,78427.6,5938.4,72489.2,,,,1.48,0.0,,
1996-06-30,1996,2,bankofamerica,472823.45,37426.68,435396.78,,,,1.2,33.64,12558.79,
1996-06-30,1996,2,bny,51467.0,5067.0,46400.0,,,,1.9,28.26,1756.0,
1996-06-30,1996,2,citigroup,408898.0,32717.0,376181.0,,,,1.59,0.0,198211.0,
1996-06-30,1996,2,jpmorgan,520526.0,31371.0,489155.0,,,,0.81,30.29,99087.0,
1996-06-30,1996,2,statestreet,28943.68,1576.14,27367.54,,,,1.0,21.39,5321.32,
1996-06-30,1996,2,wellsfargo,77849.3,5634.9,72214.4,,,,1.47,0.0,,
1996-03-31,1996,1,bankofamerica,470137.04,37011.37,433125.67,,,,1.16,36.11,10739.76,
1996-03-31,1996,1,bny,53317.0,5244.0,48073.0,,,,1.79,32.78,3089.0,
1996-03-31,1996,1,citigroup,381995.0,31399.0,350596.0,,,,1.55,11.85,194633.0,
1996-03-31,1996,1,jpmorgan,506731.0,30614.0,476117.0,,,,0.76,129.43,84474.0,
1996-03-31,1996,1,statestreet,27229.17,1560.08,25669.09,,,,1.03,20.92,5689.95,
1996-03-31,1996,1,wellsfargo,73942.1,5446.5,68495.6,,,,1.49,32.28,,
1995-12-31,1995,4,bankofamerica,461297.55,36295.19,425002.36,,,,1.16,35.96,11543.0,
1995-12-31,1995,4,bny,53720.0,5232.0,48488.0,,,,1.78,29.75,3933.0,
1995-12-31,1995,4,citigroup,370769.0,31291.0,339478.0,,,,1.52,7.93,205643.0,
1995-12-31,1995,4,jpmorgan,488868.0,31287.0,457581.0,,,,0.92,29.4,82789.0,
1995-12-31,1995,4,morganstanley,38208.2,4833.7,33374.5,,,,4.18,30.34,,
1995-12-31,1995,4,statestreet,25785.19,1587.52,24197.66,,,,1.02,22.65,5588.26,
1995-12-31,1995,4,wellsfargo,72134.4,5312.1,66822.3,,,,1.45,0.0,,
1995-09-30,1995,3,bankofamerica,453239.08,35130.17,418108.91,,,,1.12,30.7,11787.29,
1995-09-30,1995,3,bny,51087.0,5100.0,45987.0,,,,1.72,30.62,3849.0,
1995-09-30,1995,3,citigroup,369835.0,30533.0,339302.0,,,,1.36,10.8,184642.0,
1995-09-30,1995,3,jpmorgan,486276.0,30922.0,455354.0,,,,0.79,31.44,76447.0,
1995-09-30,1995,3,morganstanley,32881.1,4724.1,28157.0,,,,4.33,24.99,,
1995-09-30,1995,3,statestreet,25525.53,1538.89,23986.64,,,,1.0,21.71,6439.11,
1995-09-30,1995,3,wellsfargo,71411.9,4940.1,66471.8,,,,1.41,0.0,,
1995-06-30,1995,2,bankofamerica,452573.92,34463.14,418110.79,,,,1.09,34.09,10036.65,
1995-06-30,1995,2,bny,53464.0,4765.0,48699.0,,,,1.57,27.52,2709.0,
1995-06-30,1995,2,citigroup,367912.0,30320.0,337592.0,,,,1.32,11.68,184175.0,
1995-06-30,1995,2,jpmorgan,463847.0,29820.0,434027.0,,,,0.8,33.89,66227.0,
1995-06-30,1995,2,morganstanley,33656.3,4524.1,29132.2,,,,4.24,22.97,,
1995-06-30,1995,2,statestreet,25570.28,1491.53,24078.75,,,,0.97,22.42,5959.37,
1995-06-30,1995,2,wellsfargo,66623.0,4726.0,61897.0,,,,1.4,0.0,,
1995-03-31,1995,1,bankofamerica,448777.22,33839.56,414937.65,,,,1.06,0.0,10567.02,
1995-03-31,1995,1,bny,52280.0,4547.0,47733.0,,,,1.56,29.07,1949.0,
1995-03-31,1995,1,citigroup,381697.0,28164.0,353533.0,,,,1.31,0.0,187168.0,
1995-03-31,1995,1,jpmorgan,473080.0,28955.0,444125.0,,,,0.78,34.96,69230.0,
1995-03-31,1995,1,morganstanley,31579.5,4304.9,27274.6,,,,4.34,49.04,,
1995-03-31,1995,1,statestreet,23542.1,1414.64,22127.45,,,,0.96,24.31,5384.99,
1995-03-31,1995,1,wellsfargo,61845.1,4387.5,57457.6,,,,1.41,32.81,,
1994-12-31,1994,4,bankofamerica,426357.32,33036.18,393321.14,,,,1.08,0.0,8788.0,
1994-12-31,1994,4,bny,48879.0,4296.0,44583.0,,,,1.59,30.75,1502.0,
1994-12-31,1994,4,citigroup,365786.0,26547.0,339239.0,,,,1.34,0.0,199693.0,
1994-12-31,1994,4,jpmorgan,440378.0,28639.0,411739.0,,,,0.9,0.0,60091.0,
1994-12-31,1994,4,morganstanley,31859.4,4108.0,27751.4,,,,4.22,72.39,,
1994-12-31,1994,4,statestreet,22546.94,1337.14,21209.81,,,,1.07,23.1,,
1994-12-31,1994,4,wellsfargo,59315.9,3846.4,55469.5,,,,1.4,32.79,,
1994-09-30,1994,3,bankofamerica,424103.68,32701.02,391402.65,,,,1.07,0.0,9951.08,
1994-09-30,1994,3,bny,50306.0,4221.0,46085.0,,,,1.46,27.06,1473.0,
1994-09-30,1994,3,citigroup,369529.0,25776.0,343753.0,,,,1.3,0.0,175835.0,
1994-09-30,1994,3,jpmorgan,441067.0,28981.0,412086.0,,,,1.01,29.61,57707.0,
1994-09-30,1994,3,morganstanley,28690.5,4026.2,24664.3,,,,2.67,55.61,,
1994-09-30,1994,3,statestreet,22358.39,1214.3,21144.09,,,,1.06,20.8,5259.13,
1994-09-30,1994,3,wellsfargo,56565.4,3824.3,52741.1,,,,1.32,29.53,,
1994-06-30,1994,2,bankofamerica,400004.16,30572.86,369431.3,,,,1.09,0.0,8547.71,
1994-06-30,1994,2,bny,52347.0,4122.0,48225.0,,,,1.42,29.88,2231.0,
1994-06-30,1994,2,citigroup,369738.0,24396.0,345342.0,,,,1.22,0.0,174847.0,
1994-06-30,1994,2,jpmorgan,441233.0,29460.0,411773.0,,,,1.06,29.61,62354.0,
1994-06-30,1994,2,morganstanley,27646.4,3859.6,23786.8,,,,2.74,49.56,,
1994-06-30,1994,2,statestreet,21777.65,1178.7,20598.95,,,,1.06,21.28,3776.14,
1994-06-30,1994,2,wellsfargo,55756.8,3836.6,51920.2,,,,1.31,29.91,,
1994-03-31,1994,1,bankofamerica,400265.95,29980.56,370285.39,,,,1.04,36.9,8497.07,
1994-03-31,1994,1,bny,48008.0,4029.0,43979.0,,,,1.37,24.31,2726.0,
1994-03-31,1994,1,citigroup,349126.0,23726.0,325400.0,,,,1.09,0.0,167668.0,
1994-03-31,1994,1,jpmorgan,447369.0,28966.0,418403.0,,,,1.06,29.28,53209.0,
1994-03-31,1994,1,morganstanley,26921.2,3669.6,23251.6,,,,2.74,48.89,,
1994-03-31,1994,1,statestreet,22369.71,1142.77,21226.94,,,,1.0,19.67,3493.58,
1994-03-31,1994,1,wellsfargo,55328.2,3853.3,51474.9,,,,1.28,31.78,,
1993-12-31,1993,4,bankofamerica,382950.11,29997.09,352953.02,,,,1.02,36.34,4449.0,
1993-12-31,1993,4,bny,45546.0,4072.0,41474.0,,,,1.24,26.63,2711.0,
1993-12-31,1993,4,citigroup,317864.0,23389.0,294475.0,,,,1.04,0.0,173541.0,
1993-12-31,1993,4,jpmorgan,385879.0,29145.0,356734.0,,,,1.04,24.08,31486.0,
1993-12-31,1993,4,morganstanley,27662.3,3477.1,24185.2,,,,2.34,0.0,,
1993-12-31,1993,4,statestreet,18720.12,1104.97,17615.15,,,,1.08,18.56,3242.01,
1993-12-31,1993,4,wellsfargo,54665.0,3760.9,50904.1,,,,1.21,49.04,,
1993-09-30,1993,3,bankofamerica,363899.28,28335.56,335563.73,,,,0.97,37.46,4818.6,
1993-09-30,1993,3,bny,45544.0,3963.0,41581.0,,,,1.18,29.03,2591.0,
1993-09-30,1993,3,citigroup,268567.0,18865.9,249701.1,,,,0.98,0.0,161086.7,
1993-09-30,1993,3,jpmorgan,379288.0,26970.0,352318.0,,,,0.93,20.3,49423.0,
1993-09-30,1993,3,morganstanley,26780.3,3355.0,23425.3,,,,,0.0,,
1993-09-30,1993,3,statestreet,19299.77,1063.9,18235.87,,,,0.98,21.22,4607.82,
1993-09-30,1993,3,wellsfargo,50387.9,3438.6,46949.3,,,,1.31,28.76,,
1993-06-30,1993,2,bankofamerica,346505.21,27595.66,318909.55,,,,0.99,37.16,3956.66,
1993-06-30,1993,2,bny,41045.0,3595.0,37450.0,,,,1.14,33.7,2152.0,
1993-06-30,1993,2,citigroup,242629.7,17585.6,225044.1,,,,0.83,0.0,149537.8,
1993-06-30,1993,2,jpmorgan,377139.0,26286.0,350853.0,,,,0.81,24.34,33766.0,
1993-06-30,1993,2,morganstanley,25401.4,3197.4,22204.0,,,,,0.0,,
1993-06-30,1993,2,statestreet,18169.77,1026.52,17143.25,,,,0.97,22.67,4267.02,
1993-06-30,1993,2,wellsfargo,47790.0,3339.9,44450.1,,,,1.26,29.79,,
1993-03-31,1993,1,bankofamerica,343718.39,26909.02,316809.37,,,,0.99,31.08,2824.99,
1993-03-31,1993,1,bny,40047.0,3571.0,36476.0,,,,1.11,24.78,2626.0,
1993-03-31,1993,1,citigroup,242435.2,16297.6,226137.6,,,,0.69,0.0,148934.2,
1993-03-31,1993,1,jpmorgan,370387.0,24825.0,345562.0,,,,0.74,31.5,34881.0,
1993-03-31,1993,1,morganstanley,22452.7,3040.4,19412.3,,,,,0.0,,
1993-03-31,1993,1,statestreet,17677.47,992.82,16684.65,,,,1.01,21.19,5095.25,
1993-03-31,1993,1,wellsfargo,45517.4,3257.2,42260.2,,,,1.18,28.15,,
1992-12-31,1992,4,bankofamerica,338169.75,25858.05,312311.7,,,,0.94,46.78,1343.0,
1992-12-31,1992,4,bny,45210.0,3730.0,41480.0,,,,0.93,33.6,1773.0,
1992-12-31,1992,4,citigroup,237852.0,15446.0,222406.0,,,,0.62,0.0,168056.0,
1992-12-31,1992,4,jpmorgan,338714.0,23723.0,314991.0,,,,0.84,31.18,29206.0,
1992-12-31,1992,4,morganstanley,23821.5,2673.3,21148.2,,,,0.91,0.0,,
1992-12-31,1992,4,statestreet,16489.83,953.14,15536.69,,,,1.02,20.64,3375.09,
1992-12-31,1992,4,wellsfargo,46657.2,3140.7,43516.5,,,,1.08,48.25,,
1992-09-30,1992,3,bankofamerica,337065.11,24707.2,312357.91,,,,0.72,32.0,2263.44,
1992-09-30,1992,3,bny,42379.0,3416.0,38963.0,,,,0.87,31.61,4499.0,
1992-09-30,1992,3,citigroup,246007.0,14087.7,231919.3,,,,0.4,0.0,155320.4,
1992-09-30,1992,3,jpmorgan,353589.0,22937.0,330652.0,,,,0.62,27.53,28612.0,
1992-09-30,1992,3,statestreet,16662.86,919.81,15743.05,,,,0.97,19.69,3827.99,
1992-09-30,1992,3,wellsfargo,41043.1,3057.5,37985.6,,,,1.18,32.3,,
1992-06-30,1992,2,bankofamerica,331639.9,23290.08,308349.82,,,,0.56,52.64,3360.15,
1992-06-30,1992,2,bny,41347.0,3351.0,37996.0,,,,0.76,34.06,3042.0,
1992-06-30,1992,2,citigroup,241957.7,13570.2,228387.5,,,,-0.02,0.0,155059.9,
1992-06-30,1992,2,jpmorgan,347361.0,22255.0,325106.0,,,,0.71,29.66,29481.0,
1992-06-30,1992,2,statestreet,17010.91,881.31,16129.6,,,,0.91,21.23,3956.61,
1992-06-30,1992,2,wellsfargo,40575.1,2984.9,37590.2,,,,1.14,29.05,,
1992-03-31,1992,1,bankofamerica,265528.62,18329.81,247198.81,,,,0.62,34.08,2792.82,
1992-03-31,1992,1,bny,40149.0,2955.0,37194.0,,,,0.7,37.01,3801.0,
1992-03-31,1992,1,citigroup,238249.1,13306.2,224942.9,,,,-0.09,0.0,152183.5,
1992-03-31,1992,1,jpmorgan,335147.0,20926.0,314221.0,,,,0.57,17.94,24704.0,
1992-03-31,1992,1,statestreet,15451.17,846.88,14604.29,,,,0.89,21.59,3728.03,
1992-03-31,1992,1,wellsfargo,41217.1,2908.3,38308.8,,,,1.09,111.21,,
1991-12-31,1991,4,bankofamerica,264318.53,16894.67,247423.87,,,,0.54,693.13,1903.0,
1991-12-31,1991,4,bny,39426.0,2902.0,36524.0,,,,0.32,38.13,3597.0,
1991-12-31,1991,4,citigroup,238483.5,12805.8,225677.7,,,,-0.17,,19046.0,
1991-12-31,1991,4,jpmorgan,340595.0,18726.0,321869.0,,,,0.54,,25500.0,
1991-12-31,1991,4,morganstanley,72854.16,2832.03,70022.13,,,,0.75,0.0,,
1991-12-31,1991,4,statestreet,15046.3,816.57,14229.73,,,,1.04,29.01,4409.02,
1991-12-31,1991,4,wellsfargo,40293.3,2835.4,37457.9,,,,1.04,33.68,,
1991-09-30,1991,3,bankofamerica,269872.81,16331.94,253540.87,,,,0.93,56.34,3942.48,
1991-09-30,1991,3,bny,40323.58,2872.87,37450.71,,,,0.27,52.63,2728.61,
1991-09-30,1991,3,citigroup,246631.6,12802.4,233829.2,,,,-0.28,,,
1991-09-30,1991,3,jpmorgan,339289.0,18963.0,320326.0,,,,0.75,22.78,18393.0,
1991-09-30,1991,3,statestreet,13326.4,791.96,12534.44,,,,1.14,25.74,3298.62,
1991-09-30,1991,3,wellsfargo,37719.6,2517.7,35201.9,,,,0.96,28.83,,
1991-06-30,1991,2,bankofamerica,263225.62,15825.24,247400.38,,,,0.92,43.2,3155.87,
1991-06-30,1991,2,bny,41359.71,2844.95,38514.76,,,,0.29,50.78,2560.01,
1991-06-30,1991,2,citigroup,239896.8,13712.7,226184.1,,,,0.15,0.0,,
1991-06-30,1991,2,jpmorgan,233964.0,12861.0,221103.0,,,,0.47,18.19,7865.0,
1991-06-30,1991,2,statestreet,11730.06,770.34,10959.72,,,,1.32,26.61,2316.17,
1991-06-30,1991,2,wellsfargo,37072.4,2210.4,34862.0,,,,0.89,31.92,,
1991-03-31,1991,1,bankofamerica,259830.27,14598.54,245231.72,,,,0.93,45.66,2818.81,
1991-03-31,1991,1,bny,39436.49,2809.5,36626.99,,,,0.33,,827.37,
1991-03-31,1991,1,citigroup,237648.8,13412.2,224236.6,,,,0.46,0.0,,
1991-03-31,1991,1,jpmorgan,329183.0,17698.0,311485.0,,,,0.3,28.2,18853.0,
1991-03-31,1991,1,statestreet,10943.97,747.62,10196.35,,,,1.38,11.46,2190.25,
1991-03-31,1991,1,wellsfargo,36101.5,2154.3,33947.2,,,,0.52,33.42,,
1990-12-31,1990,4,bankofamerica,259356.8,14260.59,245096.22,,,,,72.03,1444.0,
1990-12-31,1990,4,bny,45389.85,2885.74,42504.12,,,,0.65,64.76,3441.14,
1990-12-31,1990,4,citigroup,236675.3,12627.9,224047.4,,,,,,165712.2,
1990-12-31,1990,4,jpmorgan,327416.0,17212.0,310204.0,,,,0.27,0.0,23775.0,
1990-12-31,1990,4,morganstanley,53526.48,2171.5,51354.98,,,,0.51,0.0,,
1990-12-31,1990,4,statestreet,11650.92,695.05,10955.86,,,,,0.0,2442.43,
1990-12-31,1990,4,wellsfargo,36878.2,1895.7,34982.5,,,,0.43,,,
1990-09-30,1990,3,bankofamerica,69224.29,3204.62,66019.67,,,,,9.71,10424.99,
1990-09-30,1990,3,bny,47814.53,2860.6,44953.93,,,,,59.18,4219.63,
1990-09-30,1990,3,citigroup,249092.0,13417.1,235674.9,,,,,8.68,151628.3,
1990-09-30,1990,3,jpmorgan,245107.0,12039.0,233068.0,,,,,,8713.0,
1990-09-30,1990,3,statestreet,11592.12,667.77,10924.35,,,,,20.71,2711.85,
1990-09-30,1990,3,wellsfargo,26680.4,1473.1,25207.3,,,,,0.0,,
1990-06-30,1990,2,bankofamerica,66187.51,3179.83,63007.69,,,,,6.84,8337.38,
1990-06-30,1990,2,bny,48953.48,2861.66,46091.82,,,,,59.32,7630.25,
1990-06-30,1990,2,citigroup,249289.3,13093.5,236195.8,,,,,6.3,150461.9,
1990-06-30,1990,2,jpmorgan,241135.0,12705.0,228430.0,,,,,66.15,5584.0,
1990-06-30,1990,2,statestreet,10306.08,643.02,9663.06,,,,,21.61,2134.63,
1990-06-30,1990,2,wellsfargo,26769.6,1450.9,25318.7,,,,,,,
1990-03-31,1990,1,bankofamerica,63683.4,3072.47,60610.93,,,,,6.84,8329.99,
1990-03-31,1990,1,citigroup,19679.1,2648.3,17030.8,,,,,4.37,3416.9,
1990-03-31,1990,1,jpmorgan,331151.0,17452.0,313699.0,,,,,59.12,13651.0,
1990-03-31,1990,1,statestreet,10376.15,620.09,9756.07,,,,,20.93,2753.36,
1990-03-31,1990,1,wellsfargo,24681.2,1327.8,23353.4,,,,,26.42,,
1990-03-30,1990,1,bny,47845.91,2815.87,45030.05,,,,,39.11,6615.93,
1989-12-31,1989,4,jpmorgan,328325.0,16579.0,311746.0,,,,,236.47,30909.0,
1989-12-31,1989,4,morganstanley,53275.52,2021.01,51254.51,,,,,0.0,,
1989-12-31,1989,4,wellsfargo,26082.3,1368.4,24713.9,,,,,0.0,,
1989-12-30,1989,4,bny,48856.47,2764.33,46092.15,,,,,36.57,6076.0,
1989-09-30,1989,3,bny,49572.97,2737.92,46835.05,,,,,,5952.62,
1989-09-30,1989,3,wellsfargo,23951.3,1207.9,22743.4,,,,,41.51,,
1989-06-30,1989,2,bny,49593.18,3077.97,46515.2,,,,,31.1,5359.7,
